SET FOREIGN_KEY_CHECKS = 0;
TRUNCATE TABLE `bitcms_ads`;
insert into `bitcms_ads`(`adsid`,`adscode`,`title`,`adstype`,`indate`,`tags`,`width`,`height`,`introduce`) values
('2','index','首页banner','1','2017-07-20 14:31:43','','960px','400px','');
TRUNCATE TABLE `bitcms_adsdetail`;
insert into `bitcms_adsdetail`(`adsdetailid`,`adscode`,`title`,`tag`,`width`,`height`,`adstype`,`link`,`description`,`enabled`,`orderno`,`shownum`,`hitsnum`,`path`,`startdate`,`enddate`,`showdays`) values
('1','index','美国大选',null,'960px','400px','0','/info_44',null,'0','200','1919','0','/upload/ads/20171202/43d8000749aef061aaab.jpg','2017-04-07 00:00:00','2022-09-26 00:00:00','1998'),
('2','index','晚清鸦片对国人毒害有多大',null,'960px','400px','0','/info_45',null,'0','200','805','0','/upload/ads/20171202/3f0300183023a133f9f4.jpg','2017-11-06 00:00:00','2018-11-06 00:00:00','365');

insert into `bitcms_adminmenu`(`adminmenuid`,`fatherid`,`menuname`,`area`,`controller`,`parm`,`orderno`,`roletype`,`display`,`explain`,`icon`) values
('33','23','资讯','','','','200','admin','1',null,'glyphicon glyphicon-calendar'),
('34','33','资讯管理','admin','detail','channel=news','200','admin','1',null,'glyphicon glyphicon-file'),
('35','33','栏目管理','admin','item','channel=news','200','admin','1',null,'glyphicon glyphicon-tasks'),
('36','33','评论管理','admin','review','channel=news','200','admin','1',null,'glyphicon glyphicon-random');

insert into `bitcms_detailchannel`(`channelcode`,`channelname`,`path`,`detailpath`,`enabled`,`enableddetailcode`,`enabledreadpower`,`itemdeep`,`galleryset`,`enabledpaging`,`shows`,`gallerytags`,`orderno`,`coverset`,`audioset`,`videoset`,`attachmentset`,`width`,`height`,`keywords`,`resume`) values
('news','资讯','/','/info_{id}','1','1','1','1','0','0','推荐',null,'200','1','1','1','1','1200','1000','资讯,好','说明');

TRUNCATE TABLE `bitcms_detailcontent`;
insert into `bitcms_detailcontent`(`contentid`,`detailid`,`title`,`content`,`orderno`,`itemid`,`channelcode`,`indate`) values
('1','1','','内容管理系统','0','1','about','2017-10-30 08:27:53'),
('2','23','','<p>桑冲是我国历史上臭名昭著的采花贼。此人凭借着独特“采花秘技”，十年来侮辱了一百八十二名良家妇女，其滔天恶行令人发指！桑冲是明朝人，其出生年月已不可考。</p><p>本姓李，原系山西太原府石州（今山西离石）李家湾文水东都（军队番号）李大刚的侄儿。有关他父母的情况，以及怎么会随叔父去部队驻地的原因，已无详考，只知他幼年被桑性夫妇收养，于是，后来也随他养父改姓为桑。</p><p><img src="/upload/catcher/2017/1109/20171109072101-131546568614777937.jpeg" img_width="850" img_height="586" alt="真实的采花大盗，十年用一个技巧“采花”182起，落网立即被凌迟" inline="0" style="-webkit-tap-highlight-color: transparent; box-sizing: border-box; border-style: none; max-width: 100%; display: block; margin: 10px auto;"/></p><p>他整日无所事事，游手好闲，长大已是社会的毒瘤。一次偶然的机会，桑冲听他的狐朋狗友说，有一位神人，名唤谷才。谷才极为擅长伪装女人，并且，他会女工刺绣，缝衣纳鞋等活计，甚至，连脚也缠成了“三寸金莲”，若非知晓内情之人，安能辨其雌雄？<br/></p><p>谷才以教女子刺绣等女工来接近、诱骗良家妇女，十八年来落入他陷阱的清白姑娘不计其数。桑冲听说后喜不自胜，一刻也未耽误，马不停蹄的就去寻找这位“神人”。</p><p>桑冲费尽心思找到谷才后，苦苦哀求要拜师学艺，谷才本不愿收徒，怕惹来无妄之灾，但是，桑冲一直不愿放弃，谷才也就勉为其难的答应了他。</p><p><img src="/upload/catcher/2017/1109/20171109072101-131546568617784715.jpeg" img_width="850" img_height="956" alt="真实的采花大盗，十年用一个技巧“采花”182起，落网立即被凌迟" inline="0" style="-webkit-tap-highlight-color: transparent; box-sizing: border-box; border-style: none; max-width: 100%; display: block; margin: 10px auto;"/></p><p>在这期间，谷才给桑冲刮脸，描眉，戴上妇人的发髻，教给他妇人的仪态，并扮作妇人的模样。并且，教给他女工，如缝衣制鞋、针线刺绣还有厨艺等。同时，传授给他如何凭借妇人的身份混进女子闺房、挑逗哄骗、制作迷药，还有得逞后如何安抚威胁受害人，不让自己的奸计败露的各种方法。<br/></p><p>两年后，桑冲学成，这时他眉目间哪还有男人的影子，分明是一位仪态万千、婀娜多姿的美人，可以说是得尽他师父的真传。</p><p><img src="/upload/catcher/2017/1109/20171109072101-131546568620213681.jpeg" img_width="850" img_height="548" alt="真实的采花大盗，十年用一个技巧“采花”182起，落网立即被凌迟" inline="0" style="-webkit-tap-highlight-color: transparent; box-sizing: border-box; border-style: none; max-width: 100%; display: block; margin: 10px auto;"/></p><p>在回乡途中，桑冲想小试拳脚，找良家妇女验证一下自己的本领，结果一举成功。<br/></p><p>回到家乡后，桑冲的朋友也想学得这秘技，于是，便央求桑冲教他们一二。就这样，桑冲又收了任茂、张虎、张端大等七人为“再传弟子”。学成之后，他们互相约定：倘若有朝一日有人不幸被捕，万万不可供出师父是谁。</p><p>自此，桑冲便自此开始了长达十年的采花生涯。</p><p>从明成化三年三月，桑冲开始离家，十年间前后辗转大同、平阳、太原等四十五府州县及乡村镇店等七十八处。手段大同小异：到了一个地方，佯装成大户人家里备受欺凌的小妾，以获取当地人的同情。后来又请人介绍到大户人家给富家小姐教女工。除了教小姐们做女工，他还可以陪小姐们聊天玩乐。</p><p><img src="/upload/catcher/2017/1109/20171109072102-131546568621181660.jpeg" img_width="850" img_height="639" alt="真实的采花大盗，十年用一个技巧“采花”182起，落网立即被凌迟" inline="0" style="-webkit-tap-highlight-color: transparent; box-sizing: border-box; border-style: none; max-width: 100%; display: block; margin: 10px auto;"/></p><p>因为以前的封建社会大户人家的小姐们都大门不出二门不迈，整日呆在家里烦闷无聊，更别说去见男子。这就给桑冲提供了良好的犯罪条件。他进入到大户人家后，就跟她们搞好关系，找到合适的时机犯罪。古代女子大多软弱没有主见，所以桑冲的威胁总能很快奏效。<br/></p><p>但是，也有特别硬气不肯乖乖就范的，这时桑冲就开始用他的迷药，把人迷晕后再行苟且之事。</p><p>在古代封建社会，女子们把个人贞洁看的比性命都重要，所以，就算被桑冲玷污，她们为了保住自己的清白也不敢大肆声张。桑冲充分利用了女子们的这种心理，屡屡犯案，十年来竟然顺风顺水，未出任何差错。</p><p><img src="/upload/catcher/2017/1109/20171109072102-131546568622158211.jpeg" img_width="850" img_height="561" alt="真实的采花大盗，十年用一个技巧“采花”182起，落网立即被凌迟" inline="0" style="-webkit-tap-highlight-color: transparent; box-sizing: border-box; border-style: none; max-width: 100%; display: block; margin: 10px auto;"/></p><p>直到明成化十三年，桑冲来到了晋州聂村人高宣的家中，他盯上了高家的小姐，于是，他故技重施进了高家。可是，未等他有所行动，便被高家的女婿赵文举给盯上了。<br/></p><p>原来，这高家的女婿赵文举也是个不折不扣的淫棍。从桑冲一进高家，赵文举便被这风华绝代的“美人”给吸引，夜色降临，赵文举就跑到桑冲住的地方，强制想与桑冲发生关系。桑冲采花数十年，哪里遇到过这种情况。于是，他就拼死挣脱。</p><p>但是，赵文举五大三粗，体格健壮，桑冲哪里是他的对手。三两个回合后， 赵文举就把桑冲扒了个干净。之后，赵文举看到桑冲的真实身份，他的内心久久不能平静，随即马上将桑冲擒住。至此，桑冲扮做女人寻欢作乐的职业生涯就此终结。</p><p><img src="/upload/catcher/2017/1109/20171109072102-131546568622678940.jpeg" img_width="1920" img_height="1080" alt="真实的采花大盗，十年用一个技巧“采花”182起，落网立即被凌迟" inline="0" style="-webkit-tap-highlight-color: transparent; box-sizing: border-box; border-style: none; max-width: 100%; display: block; margin: 10px auto;"/></p><p>之后，桑冲被高家押送到了晋州衙门，并且，在严刑之下桑冲交代了自己所犯下的恶行，并且，他还供出来教自己男扮女装的师夫谷才(此时谷才已死，无法追究其滔天罪行)和他收的几位徒弟。算下来，桑冲十年间竟然玷污了一百八十多位良家妇女！<br/></p><p>晋州知府认为桑冲所犯下的罪行骇人听闻，天理难容，于是，把他押送京城。明宪宗朱见深听说此事，下令将桑冲凌迟处死。最后，明成化十三年，这个作恶多端的淫贼终于得到了他应有的代价——变成了一滩碎肉！原话为：&quot;是这厮情犯丑恶，有伤风化。便凌迟了，不必复奏。任茂等七名，各要上紧挨究，得获解来！钦此。&quot;</p><p>此案全部过程都载在当时的&quot;邸抄&quot;(官报)上。</p><p><img src="/upload/catcher/2017/1109/20171109072102-131546568623490032.jpeg" img_width="850" img_height="588" alt="真实的采花大盗，十年用一个技巧“采花”182起，落网立即被凌迟" inline="0" style="-webkit-tap-highlight-color: transparent; box-sizing: border-box; border-style: none; max-width: 100%; display: block; margin: 10px auto;"/></p><p>并且，对于此案明清著作多有著录。最详实的当属明陆粲所撰《庚巳编》，见该书卷第九《人妖公案》一条。又《明世宗实录》、《国朝献征录》、清俞樾《茶香室三钞》、蒲松龄《聊斋志异》等亦有述及。</p><p><br/></p>','0','21','news','2017-11-09 07:21:24'),
('3','24','','<p><img src="/upload/catcher/2017/1109/20171109222318-131547109981856587.gif" img_width="218" img_height="239" alt="反正睡不着，看完更不想睡的三十三张图（X0889）" inline="0" style="-webkit-tap-highlight-color: transparent; box-sizing: border-box; border-style: none; display: block; margin: 10px auto;"/></p><p><img src="/upload/catcher/2017/1109/20171109222318-131547109989072609.jpeg" img_width="457" img_height="444" alt="反正睡不着，看完更不想睡的三十三张图（X0889）" inline="0" style="-webkit-tap-highlight-color: transparent; box-sizing: border-box; border-style: none; display: block; margin: 10px auto;"/></p><p><img src="/upload/catcher/2017/1109/20171109222318-131547109989541379.gif" img_width="200" img_height="235" alt="反正睡不着，看完更不想睡的三十三张图（X0889）" inline="0" style="-webkit-tap-highlight-color: transparent; box-sizing: border-box; border-style: none; display: block; margin: 10px auto;"/></p><p><img src="/upload/catcher/2017/1109/20171109222319-131547109995272721.gif" img_width="320" img_height="180" alt="反正睡不着，看完更不想睡的三十三张图（X0889）" inline="0" style="-webkit-tap-highlight-color: transparent; box-sizing: border-box; border-style: none; display: block; margin: 10px auto;"/></p><p><img src="/upload/catcher/2017/1109/20171109222319-131547109997506382.jpeg" img_width="447" img_height="413" alt="反正睡不着，看完更不想睡的三十三张图（X0889）" inline="0" style="-webkit-tap-highlight-color: transparent; box-sizing: border-box; border-style: none; display: block; margin: 10px auto;"/></p><p><img src="/upload/catcher/2017/1109/20171109222319-131547109998170991.gif" img_width="232" img_height="320" alt="反正睡不着，看完更不想睡的三十三张图（X0889）" inline="0" style="-webkit-tap-highlight-color: transparent; box-sizing: border-box; border-style: none; display: block; margin: 10px auto;"/></p><p><img src="/upload/catcher/2017/1109/20171109222320-131547110003122725.gif" img_width="500" img_height="429" alt="反正睡不着，看完更不想睡的三十三张图（X0889）" inline="0" style="-webkit-tap-highlight-color: transparent; box-sizing: border-box; border-style: none; display: block; margin: 10px auto;"/></p><p><img src="/upload/catcher/2017/1109/20171109222320-131547110008021129.gif" img_width="256" img_height="190" alt="反正睡不着，看完更不想睡的三十三张图（X0889）" inline="0" style="-webkit-tap-highlight-color: transparent; box-sizing: border-box; border-style: none; display: block; margin: 10px auto;"/></p><p><img src="/upload/catcher/2017/1109/20171109222321-131547110014238036.gif" img_width="214" img_height="303" alt="反正睡不着，看完更不想睡的三十三张图（X0889）" inline="0" style="-webkit-tap-highlight-color: transparent; box-sizing: border-box; border-style: none; display: block; margin: 10px auto;"/></p><p><img src="/upload/catcher/2017/1109/20171109222321-131547110016827535.gif" img_width="400" img_height="272" alt="反正睡不着，看完更不想睡的三十三张图（X0889）" inline="0" style="-webkit-tap-highlight-color: transparent; box-sizing: border-box; border-style: none; display: block; margin: 10px auto;"/></p><p><img src="/upload/catcher/2017/1109/20171109222322-131547110023798554.gif" img_width="240" img_height="320" alt="反正睡不着，看完更不想睡的三十三张图（X0889）" inline="0" style="-webkit-tap-highlight-color: transparent; box-sizing: border-box; border-style: none; display: block; margin: 10px auto;"/></p><p><img src="/upload/catcher/2017/1109/20171109222323-131547110033267028.jpeg" img_width="515" img_height="431" alt="反正睡不着，看完更不想睡的三十三张图（X0889）" inline="0" style="-webkit-tap-highlight-color: transparent; box-sizing: border-box; border-style: none; display: block; margin: 10px auto;"/></p><p><img src="/upload/catcher/2017/1109/20171109222323-131547110034517073.gif" img_width="250" img_height="344" alt="反正睡不着，看完更不想睡的三十三张图（X0889）" inline="0" style="-webkit-tap-highlight-color: transparent; box-sizing: border-box; border-style: none; display: block; margin: 10px auto;"/></p><p><img src="/upload/catcher/2017/1109/20171109222325-131547110052083857.gif" img_width="270" img_height="263" alt="反正睡不着，看完更不想睡的三十三张图（X0889）" inline="0" style="-webkit-tap-highlight-color: transparent; box-sizing: border-box; border-style: none; display: block; margin: 10px auto;"/></p><p><img src="/upload/catcher/2017/1109/20171109222326-131547110062396686.gif" img_width="391" img_height="416" alt="反正睡不着，看完更不想睡的三十三张图（X0889）" inline="0" style="-webkit-tap-highlight-color: transparent; box-sizing: border-box; border-style: none; display: block; margin: 10px auto;"/></p><p><img src="/upload/catcher/2017/1109/20171109222326-131547110063646759.gif" img_width="345" img_height="226" alt="反正睡不着，看完更不想睡的三十三张图（X0889）" inline="0" style="-webkit-tap-highlight-color: transparent; box-sizing: border-box; border-style: none; display: block; margin: 10px auto;"/></p><p><img src="/upload/catcher/2017/1109/20171109222328-131547110084382713.gif" img_width="400" img_height="266" alt="反正睡不着，看完更不想睡的三十三张图（X0889）" inline="0" style="-webkit-tap-highlight-color: transparent; box-sizing: border-box; border-style: none; display: block; margin: 10px auto;"/></p><p><img src="/upload/catcher/2017/1109/20171109222328-131547110086882708.gif" img_width="300" img_height="222" alt="反正睡不着，看完更不想睡的三十三张图（X0889）" inline="0" style="-webkit-tap-highlight-color: transparent; box-sizing: border-box; border-style: none; display: block; margin: 10px auto;"/></p><p><img src="/upload/catcher/2017/1109/20171109222328-131547110090007731.jpeg" img_width="417" img_height="246" alt="反正睡不着，看完更不想睡的三十三张图（X0889）" inline="0" style="-webkit-tap-highlight-color: transparent; box-sizing: border-box; border-style: none; display: block; margin: 10px auto;"/></p><p><img src="/upload/catcher/2017/1109/20171109222328-131547110090320248.gif" img_width="329" img_height="288" alt="反正睡不着，看完更不想睡的三十三张图（X0889）" inline="0" style="-webkit-tap-highlight-color: transparent; box-sizing: border-box; border-style: none; display: block; margin: 10px auto;"/></p><p><img src="/upload/catcher/2017/1109/20171109222329-131547110097351622.jpeg" img_width="638" img_height="705" alt="反正睡不着，看完更不想睡的三十三张图（X0889）" inline="0" style="-webkit-tap-highlight-color: transparent; box-sizing: border-box; border-style: none; display: block; margin: 10px auto;"/></p><p><img src="/upload/catcher/2017/1109/20171109222329-131547110098289011.gif" img_width="350" img_height="281" alt="反正睡不着，看完更不想睡的三十三张图（X0889）" inline="0" style="-webkit-tap-highlight-color: transparent; box-sizing: border-box; border-style: none; display: block; margin: 10px auto;"/></p><p><img src="/upload/catcher/2017/1109/20171109222331-131547110111599802.jpeg" img_width="326" img_height="310" alt="反正睡不着，看完更不想睡的三十三张图（X0889）" inline="0" style="-webkit-tap-highlight-color: transparent; box-sizing: border-box; border-style: none; display: block; margin: 10px auto;"/></p><p><img src="/upload/catcher/2017/1109/20171109222331-131547110112693572.gif" img_width="180" img_height="173" alt="反正睡不着，看完更不想睡的三十三张图（X0889）" inline="0" style="-webkit-tap-highlight-color: transparent; box-sizing: border-box; border-style: none; display: block; margin: 10px auto;"/></p><p><img src="/upload/catcher/2017/1109/20171109222332-131547110127693702.jpeg" img_width="436" img_height="469" alt="反正睡不着，看完更不想睡的三十三张图（X0889）" inline="0" style="-webkit-tap-highlight-color: transparent; box-sizing: border-box; border-style: none; display: block; margin: 10px auto;"/></p><p><img src="/upload/catcher/2017/1109/20171109222332-131547110128630725.jpeg" img_width="496" img_height="696" alt="反正睡不着，看完更不想睡的三十三张图（X0889）" inline="0" style="-webkit-tap-highlight-color: transparent; box-sizing: border-box; border-style: none; display: block; margin: 10px auto;"/></p><p><img src="/upload/catcher/2017/1109/20171109222332-131547110129099910.gif" img_width="168" img_height="210" alt="反正睡不着，看完更不想睡的三十三张图（X0889）" inline="0" style="-webkit-tap-highlight-color: transparent; box-sizing: border-box; border-style: none; display: block; margin: 10px auto;"/></p><p><img src="/upload/catcher/2017/1109/20171109222333-131547110134412482.jpeg" img_width="633" img_height="617" alt="反正睡不着，看完更不想睡的三十三张图（X0889）" inline="0" style="-webkit-tap-highlight-color: transparent; box-sizing: border-box; border-style: none; display: block; margin: 10px auto;"/></p><p><img src="/upload/catcher/2017/1109/20171109222333-131547110135349957.gif" img_width="440" img_height="248" alt="反正睡不着，看完更不想睡的三十三张图（X0889）" inline="0" style="-webkit-tap-highlight-color: transparent; box-sizing: border-box; border-style: none; display: block; margin: 10px auto;"/></p><p><img src="/upload/catcher/2017/1109/20171109222337-131547110178825591.jpeg" img_width="526" img_height="427" alt="反正睡不着，看完更不想睡的三十三张图（X0889）" inline="0" style="-webkit-tap-highlight-color: transparent; box-sizing: border-box; border-style: none; display: block; margin: 10px auto;"/></p><p><img src="/upload/catcher/2017/1109/20171109222339-131547110192689159.jpeg" img_width="379" img_height="559" alt="反正睡不着，看完更不想睡的三十三张图（X0889）" inline="0" style="-webkit-tap-highlight-color: transparent; box-sizing: border-box; border-style: none; display: block; margin: 10px auto;"/></p><p><img src="/upload/catcher/2017/1109/20171109222339-131547110197839273.jpeg" img_width="463" img_height="404" alt="反正睡不着，看完更不想睡的三十三张图（X0889）" inline="0" style="-webkit-tap-highlight-color: transparent; box-sizing: border-box; border-style: none; display: block; margin: 10px auto;"/></p><p><br/></p>','0','23','news','2017-11-09 07:26:12'),
('4','25','','<p>被称为“不老女神”、“冻龄女人”的刘晓庆做客《金星秀》。在节目刚开端的时分，金星就开门见山地问道刘晓庆开端主题：“谈男人聊人生”更调侃刘晓庆为“害群之马”。老油条刘晓庆面对金星的调侃大方答复，用本人多年个人的真实阅历巧妙回击了金星。</p><p><img src="/upload/catcher/2017/1109/20171109223341-131547116213157457.jpeg" img_width="1281" img_height="960" alt="终于知道刘晓庆为什么结四次结婚都不生孩子，看完有些同情" inline="0" style="-webkit-tap-highlight-color: transparent; box-sizing: border-box; border-style: none; display: block; margin: 10px auto;"/></p><p>说到刘晓庆，置信大家都晓得，1955年出生的刘晓庆，如今曾经62岁了。回看刘晓庆之前的作品，不论是刚出道时还是之后的作品，都很了不起，被评为最佳女主角。1988年，在主演电影《春桃》中饰演春桃。1988年，在《火凤凰》里，刘晓庆获第十一届电影百花奖最佳女演员奖。</p><p><img src="/upload/catcher/2017/1109/20171109223341-131547116214947428.jpeg" img_width="640" img_height="427" alt="终于知道刘晓庆为什么结四次结婚都不生孩子，看完有些同情" inline="0" style="-webkit-tap-highlight-color: transparent; box-sizing: border-box; border-style: none; display: block; margin: 10px auto;"/></p><p>刘晓庆出道比拟早，在1973年的时分，年仅18岁的刘晓庆就担任《南海长城》女主角。因出演《瞧这一家子》取得第3届群众电影百花奖最佳配角奖，1987年因《芙蓉镇》“胡玉音”荣获第7届中国电影金鸡奖最佳女主角，百花奖最佳女主角。在演艺事业上不时打破本人，开展也越来越好。</p><p><img src="/upload/catcher/2017/1109/20171109223341-131547116215985245.jpeg" img_width="452" img_height="550" alt="终于知道刘晓庆为什么结四次结婚都不生孩子，看完有些同情" inline="0" style="-webkit-tap-highlight-color: transparent; box-sizing: border-box; border-style: none; display: block; margin: 10px auto;"/></p><p>说到刘晓庆，很多人脑海中首先跳出的估量是“少女”这个词，由于往常已年过60的她仍旧喜欢演18岁少女。而除了年轻这个标签，她的情史也总是人津津有味的话题，特别是阅历4段婚姻却不断未生孩子更是频繁被提起。</p><p><img src="/upload/catcher/2017/1109/20171109223341-131547116216718924.jpeg" img_width="566" img_height="265" alt="终于知道刘晓庆为什么结四次结婚都不生孩子，看完有些同情" inline="0" style="-webkit-tap-highlight-color: transparent; box-sizing: border-box; border-style: none; display: block; margin: 10px auto;"/></p><p>刘晓庆的第一任丈夫：王立。1975年刘晓庆迫切希望调往北京，她就想到经过结婚调动，就看上了小提琴手王立。两人相处了一段时间后，刘晓庆向团里提出到北京结婚的申请，大约是1976年两人结婚。</p><p><img src="/upload/catcher/2017/1109/20171109223341-131547116217099058.jpeg" img_width="550" img_height="487" alt="终于知道刘晓庆为什么结四次结婚都不生孩子，看完有些同情" inline="0" style="-webkit-tap-highlight-color: transparent; box-sizing: border-box; border-style: none; display: block; margin: 10px auto;"/></p><p>王立深知两人当时并没有感情根底，所以在发现刘晓庆怀孕后很快乐，他以为刘晓庆生孩子后就会踏实。</p><p><img src="/upload/catcher/2017/1109/20171109223341-131547116217766430.jpeg" img_width="498" img_height="550" alt="终于知道刘晓庆为什么结四次结婚都不生孩子，看完有些同情" inline="0" style="-webkit-tap-highlight-color: transparent; box-sizing: border-box; border-style: none; display: block; margin: 10px auto;"/></p><p>但好巧不巧的是，当时刘晓庆刚靠《瞧着一家子》取得百花奖最佳女配角奖，处于事业上升期，为了不影响本人的开展选择了流产。医生也通知她拿掉孩子后，会对她的生理机能影响很大，今后很可能再要孩子要不了。但为了事业开展，刘晓庆也管不了那么多了。</p><p><img src="/upload/catcher/2017/1109/20171109223341-131547116218359473.jpeg" img_width="640" img_height="402" alt="终于知道刘晓庆为什么结四次结婚都不生孩子，看完有些同情" inline="0" style="-webkit-tap-highlight-color: transparent; box-sizing: border-box; border-style: none; display: block; margin: 10px auto;"/></p><p>之后刘晓庆和陈国军在拍摄《心灵深处》因戏结缘，陈国军为了刘晓庆丢弃前妻，两人同居了三年后结婚，又过了三年之后各奔前程。离婚时，她在起诉书中这样写道：“被告脾气日益暴躁。经常因一些生活琐事发作矛盾、口角，严重阻碍双方感情……”</p><p><img src="/upload/catcher/2017/1109/20171109223341-131547116218993156.jpeg" img_width="550" img_height="392" alt="终于知道刘晓庆为什么结四次结婚都不生孩子，看完有些同情" inline="0" style="-webkit-tap-highlight-color: transparent; box-sizing: border-box; border-style: none; display: block; margin: 10px auto;"/></p><p>第三人丈夫是一个配音演员，叫阿峰。当时刘晓庆曾经在文娱圈小有名气并且做起了生意，阿峰为了刘晓庆直接与发妻离婚，同年两个人结婚，但是在2002年时，刘晓庆的生意由于偷税漏税被抓坐牢，阿峰在刘晓庆坐牢期间都是不离不弃，但是2005年刘晓庆出狱之后，两个人离婚。</p><p><img src="/upload/catcher/2017/1109/20171109223342-131547116221153752.jpeg" img_width="500" img_height="329" alt="终于知道刘晓庆为什么结四次结婚都不生孩子，看完有些同情" inline="0" style="-webkit-tap-highlight-color: transparent; box-sizing: border-box; border-style: none; display: block; margin: 10px auto;"/></p><p>72岁的王晓玉是香港富商，大了刘晓庆12岁，也就是现任的丈夫的王晓玉在美国旧金山的一家教堂举行了盛大的婚礼，两人深情许下誓词：互敬互爱，携手互同。听说结婚之后，丈夫给了刘晓庆香港和美国的两处豪宅，价值数亿，真是让人羡慕。</p><p><img src="/upload/catcher/2017/1109/20171109223342-131547116221696437.jpeg" img_width="444" img_height="550" alt="终于知道刘晓庆为什么结四次结婚都不生孩子，看完有些同情" inline="0" style="-webkit-tap-highlight-color: transparent; box-sizing: border-box; border-style: none; display: block; margin: 10px auto;"/></p><p>在阅历了这么多婚姻后，刘晓庆再要孩子也是不可能了，毕竟曾经这么大年岁了，不晓得她有没有懊悔第一段婚姻的时分生下孩子，关于不断火到如今的刘晓庆，没有孩子还是有些遗憾吧，毕竟她也是个女人。</p><p><br/></p>','0','16','news','2017-11-09 22:34:18'),
('5','26','','<p><img src="/upload/catcher/2017/1109/20171109224831-131547125120282317.jpeg" img_width="593" img_height="285" alt="无性婚姻还要煎熬吗" inline="0" style="-webkit-tap-highlight-color: transparent; box-sizing: border-box; border-style: none; display: block; margin: 10px auto;"/></p><p>朋友告诉我，她已经有一年多没有和老公发生身体关系了。她说的不是“做爱”，而是“发生身体关系”。因为她觉得做爱是两个人两情相悦，巫山云雨，很浪漫，很美好的性爱体验。可是她和她的老公没有。她觉得和他做的时候，做的不是爱，而只是两个没有任何感觉的身体发生关系而已。</p><p>她和她老公虽然也是自由恋爱，但是她却从来没有感受到恋爱中的女人应该有的那种快乐。她在该结婚的时候结婚，该生孩子的时候生孩子。</p><p><img src="/upload/catcher/2017/1109/20171109224832-131547125123090074.jpeg" img_width="500" img_height="212" alt="无性婚姻还要煎熬吗" inline="0" style="-webkit-tap-highlight-color: transparent; box-sizing: border-box; border-style: none; display: block; margin: 10px auto;"/></p><p>他们在大深圳买了七八十平米的房子，他的钱拿来供房，她的钱拿来生活零花外加孩子的所有学习培训开支。他们为柴米油盐，为每个月一万块的房贷不停地争吵。他们用这一张信用卡不停地补另一张信用卡的洞，可是这是一个无止尽的周而复始的无底洞。</p><p>他们从来说不上三句话，说着说着便是争吵。他说她是女汉子，不温柔，不体贴，不让他碰，怀疑她外面有人，还说她不帮忙分担房贷。她说他不求上进，不带孩子，整天只知道窝在床上看手机，玩游戏，从来不运动不锻炼，做爱没有前戏没有插曲没有后曲，只有几秒钟的抽动，还没开始就已经结束。</p><p>吵着吵着，他们就彼此看不顺眼对方，开始分房睡。她带着孩子睡高低床，他睡主人房，父母睡客房。从此，身体和心的距离越来越远。</p><p><img src="/upload/catcher/2017/1109/20171109224832-131547125123812645.jpeg" img_width="594" img_height="282" alt="无性婚姻还要煎熬吗" inline="0" style="-webkit-tap-highlight-color: transparent; box-sizing: border-box; border-style: none; display: block; margin: 10px auto;"/></p><p>她告诉我，做爱的时候她没有任何的感觉，因为他不会考虑她的感受，而她对他也没有感觉。没有亲吻，没有抚摸，没有交流，没有甜蜜，只有简单机械的动作。因为她没有任何快感，甚至于，发生身体关系的时候，他在机械地动着，而她却在看着手机。</p><p>如果连做爱的时候还拿着手机，那证明做爱是一件多么无聊无趣的事情。</p><p>这是一种痛苦的经历。发生身体关系的时候，她没有参与进来，她就像是一个旁观者，冷眼看着一个熟悉却又陌生的身体，一个她并没有兴趣的身体在机械地运动，甚至她连看都不会看。这只是一个任务。她几乎是一个不带任何感情色彩的机器。零触感，零敏感，零快感。</p><p><img src="/upload/catcher/2017/1109/20171109224832-131547125125045126.jpeg" img_width="598" img_height="284" alt="无性婚姻还要煎熬吗" inline="0" style="-webkit-tap-highlight-color: transparent; box-sizing: border-box; border-style: none; display: block; margin: 10px auto;"/></p><p>她说，她已经对男人没有任何渴望和需求了，觉得自己不再需要男人了。男人对于她来说，只是累赘。她说，她有稳定的工作，稳定的收入，她也没有身体的欲望。</p><p>如果男人连晚上睡觉的臂膀都不能枕了，连夜晚那片刻的温存都给不了，她还需要男人干嘛！</p><p>她说，她不快乐，每次走进家门的时候，只有孩子还能让她感觉到快乐，而其他的什么都是压抑。</p><p>不知道，婚姻什么时候开始变得这么没有美感，没有快感。她说，她在犹豫，要不要结束这样的不快乐。</p><p><br/></p>','0','25','news','2017-11-09 22:48:46'),
('6','27','','<p><img src="/upload/catcher/2017/1109/20171109232256-131547145767236842.jpeg" img_width="617" img_height="411" alt="二战时，日本研制了一种恶心武器，用在女人身上连日军都觉得缺德" inline="0" style="-webkit-tap-highlight-color: transparent; box-sizing: border-box; border-style: none; display: block; margin: 10px auto;"/></p><p>日本人做的缺德的事真的不在少数，仅仅在二战期间，日本就恬不知耻的侵略各个国家，把目光放在亚洲和东南亚国家。更是在战争中，使用下三滥的手段，来夺取战争的胜利，其中最缺德的就是，利用科学手段研发细菌病毒。</p><p>细菌病毒，通过空气传播，呼吸到个体的肺里，产生身体免疫力异样，从而达到不战而败的效果。二战，日本在侵略中国时，曾夸下海口说，要在3个月内拿下中国。3个月后，狠狠地打在了日本人的脸上。为了快速结束战争，在人力上不占优势的日本，决定利用生化武器，于是在中国的东北地区、湖南地区、广州地区和南京地区，皆专门建立起研发细菌武器的根据地。1940年，在我国浙江等地大面积传播鼠疫和霍乱等细菌，其伤害程度可想而知。</p><p>日本人不但发明了细菌战，还发明了另一种灭绝人性的武器，用于对付强悍的美军。太平洋战争爆发，日本偷偷摸摸攻击了珍珠港，给了美国一个下马威，美军可不是吃素的主，随即进行疯狂反击。身受重伤的日军，决定同样用细菌战的方式对抗美军。</p><p><img src="/upload/catcher/2017/1109/20171109232256-131547145769767012.jpeg" img_width="653" img_height="401" alt="二战时，日本研制了一种恶心武器，用在女人身上连日军都觉得缺德" inline="0" style="-webkit-tap-highlight-color: transparent; box-sizing: border-box; border-style: none; display: block; margin: 10px auto;"/></p><p>当时战争场地气候湿热，岛上都是一些土著居民，生性奔放的妇女，穿衣都比较随意，衣不遮体现象都习以为常。而且，大量的美军驻扎在此地，数月不能回家，于是日军利用美军这个劣势，发明了一种新的细菌病毒——性病细菌，即通过当地土著妇女染上病毒，美国大军在进行男女关系时，传染给他们，以达到最大程度的削弱美军实力。</p><p>提出此想法的是日本一位有名的科学家金马，刚提出来的时候，日本官方觉得此做法有些不妥，自己都认为有违道德，羞于世人，便回绝了金马的提议。但是，日军在后来的太平洋战争上节节败退，无力再承受美军的打击，于是，金马被高官要求立马研制性病病毒，并命名为“金马计划”。</p><p>接到通知的金马，欣喜若狂，马上着手，四处培育性病病毒，有我们现在耳闻的淋病和梅毒，最致命的是一种热带地区才有的性病病毒——“雅司病”，此病毒威力相当猛烈，并且没有对应的药物可以治疗，一旦有人染上此病毒，必死无疑。</p><p><img src="/upload/catcher/2017/1109/20171109232257-131547145771231333.jpeg" img_width="612" img_height="406" alt="二战时，日本研制了一种恶心武器，用在女人身上连日军都觉得缺德" inline="0" style="-webkit-tap-highlight-color: transparent; box-sizing: border-box; border-style: none; display: block; margin: 10px auto;"/></p><p>得到病毒的金马立马随乘日本的船来到了美军驻扎的群岛上，开始秘密实施性病传播计划。鉴于此病毒需要人为传播，刚开始传播范围小，并没有及时削弱美军的战斗力，所以，日军还是在战争中失败了</p><p>二战结束后，日军将此病毒作为和美军交换的筹码，秘密交到了美国手里，并承诺不会对外开放此病毒，因此，日本用性病细菌作战并没有受到军事制裁。</p><p><br/></p>','0','21','news','2017-11-09 23:23:22'),
('7','28','','<p>自从鹿晗、关晓彤恋情曝光，本来名声就一步步下滑的关晓彤更迎来了一次人生危机，很多负面言论劈天盖地涌过来，作为公众人物，关晓彤似乎并没有受到太大影响，该吃吃，该玩玩。</p><p><img src="/upload/catcher/2017/1109/20171109232632-131547147921400203.jpeg" img_width="500" img_height="691" alt="电影节上关晓彤被坐在旁边的周冬雨全程黑脸，网友：活该！" inline="0" style="-webkit-tap-highlight-color: transparent; box-sizing: border-box; border-style: none; display: block; margin: 10px auto;"/></p><p>近日，关晓彤出席某电影节时，周冬雨也在邀请之列，还恰恰跟关晓彤坐在一起，不过，周冬雨全程黑脸，场面一度尴尬的不行。</p><p><img src="/upload/catcher/2017/1109/20171109232632-131547147925452388.jpeg" img_width="500" img_height="375" alt="电影节上关晓彤被坐在旁边的周冬雨全程黑脸，网友：活该！" inline="0" style="-webkit-tap-highlight-color: transparent; box-sizing: border-box; border-style: none; display: block; margin: 10px auto;"/></p><p>她俩这是还有什么过节还是咋的？好歹也都是当红的小花，表面工作还是得做一下的吧，这谁也不理谁的傲娇姿态被媒体拍到，不知道又要做出多少文章？</p><p><img src="/upload/catcher/2017/1109/20171109232632-131547147926721404.jpeg" img_width="500" img_height="375" alt="电影节上关晓彤被坐在旁边的周冬雨全程黑脸，网友：活该！" inline="0" style="-webkit-tap-highlight-color: transparent; box-sizing: border-box; border-style: none; display: block; margin: 10px auto;"/></p><p>仔细想想，周冬雨跟关晓彤似乎没有太多交集，所以也不太可能会有直接的过节，难道是因为《快客大本营》上关晓彤对自己至交好友马思纯的不友善？</p><p><img src="/upload/catcher/2017/1109/20171109232632-131547147930373660.jpeg" img_width="960" img_height="1280" alt="电影节上关晓彤被坐在旁边的周冬雨全程黑脸，网友：活该！" inline="0" style="-webkit-tap-highlight-color: transparent; box-sizing: border-box; border-style: none; display: block; margin: 10px auto;"/></p><p>说起这期《快本》，就连很多吃瓜群众都有点看不下去，先是游戏环节用橡皮筋将马思纯嘴唇弹肿，虽然是输了游戏被罚，但游戏就是游戏，这样玩是不是有点过了？</p><p><img src="/upload/catcher/2017/1109/20171109232633-131547147933375080.jpeg" img_width="500" img_height="281" alt="电影节上关晓彤被坐在旁边的周冬雨全程黑脸，网友：活该！" inline="0" style="-webkit-tap-highlight-color: transparent; box-sizing: border-box; border-style: none; display: block; margin: 10px auto;"/></p><p><img src="/upload/catcher/2017/1109/20171109232633-131547147934912282.jpeg" img_width="500" img_height="281" alt="电影节上关晓彤被坐在旁边的周冬雨全程黑脸，网友：活该！" inline="0" style="-webkit-tap-highlight-color: transparent; box-sizing: border-box; border-style: none; display: block; margin: 10px auto;"/></p><p>然而，更值得一提的是，在后面的环节，求胜心切的关晓彤直接将马思纯的上衣扯到几近走光，一场游戏硬是玩出了刀光剑影。</p><p><img src="/upload/catcher/2017/1109/20171109232633-131547147935935269.jpeg" img_width="545" img_height="303" alt="电影节上关晓彤被坐在旁边的周冬雨全程黑脸，网友：活该！" inline="0" style="-webkit-tap-highlight-color: transparent; box-sizing: border-box; border-style: none; display: block; margin: 10px auto;"/></p><p>直到最后，马思纯也只能很无奈的表示，“你是有多恨我”，听着好委屈啊！</p><p><img src="/upload/catcher/2017/1109/20171109232633-131547147937919080.jpeg" img_width="500" img_height="281" alt="电影节上关晓彤被坐在旁边的周冬雨全程黑脸，网友：活该！" inline="0" style="-webkit-tap-highlight-color: transparent; box-sizing: border-box; border-style: none; display: block; margin: 10px auto;"/></p><p>这次，周冬雨对关晓彤的冷眼相待不禁让很多网友大呼过瘾，“解气”，“活该”，不过反过来想想，关晓彤也只是个还在学校读书的孩子啊，我们对她的要求是不是有点太高了呢？</p><p><br/></p>','0','16','news','2017-11-09 23:27:22'),
('8','29','','<p><img src="/upload/catcher/2017/1109/20171109233351-131547152317934266.jpeg" img_width="640" img_height="463" alt="秦始皇遗体究竟被埋的有多深？众说纷纭，司马迁的一说法最被认可" inline="0" style="-webkit-tap-highlight-color: transparent; box-sizing: border-box; border-style: none; display: block; margin: 10px auto;"/></p><p>公元前259年农历正月，一个看起来很普通的男孩在赵国邯降生了，他就是中国古代史上第一个大一统王朝的创立者秦始皇嬴政。秦始皇13岁继承秦国国君的位子，22岁正式亲理朝政，39岁时消灭了山东六国中的最后一个诸侯国，完成一统中国的大业。</p><p>然而秦二世而亡，秦始皇万世皇帝梦也就破灭了。但是秦始皇创建的皇帝制度、皇帝意识却影响了中国两千多年。由于秦始皇的知名度太高，连同坐落在骊山脚下的秦始皇陵也因众多未接之谜而备受人们关注。今天笔者就给大家介绍秦始皇陵其中一个未解之谜，秦始皇的遗体究竟埋在多深处，或者说秦始皇陵的地宫究竟有多深？</p><p><img src="/upload/catcher/2017/1109/20171109233351-131547152319774902.jpeg" img_width="448" img_height="247" alt="秦始皇遗体究竟被埋的有多深？众说纷纭，司马迁的一说法最被认可" inline="0" style="-webkit-tap-highlight-color: transparent; box-sizing: border-box; border-style: none; display: block; margin: 10px auto;"/></p><p>众所周知，古代帝王墓里都有规模很大的地宫，地宫是放置帝王棺椁和陪葬品的地方，这个位置位于墓地的最深处。史书《旧汉书》一书中记载了关于秦始皇地宫的深度，公元前210年的一天，丞相李斯向秦始皇上奏，说自己率领70民工修建骊山陵墓，已经挖的非常深了，连火把都点不着了。</p><p>秦始皇听了李斯的报告后，下令“再旁行三百丈乃至”。另外，史书《吕氏春秋》中则记载，“浅则狐狸扬之，深则及于水泉”。“ 旁行三百丈”更是让秦皇陵地宫的位置扑朔迷离，千百年来众说纷纭。说了这么多，秦始皇遗体究竟埋了多深呢？</p><p><img src="/upload/catcher/2017/1109/20171109233351-131547152320435821.jpeg" img_width="1280" img_height="852" alt="秦始皇遗体究竟被埋的有多深？众说纷纭，司马迁的一说法最被认可" inline="0" style="-webkit-tap-highlight-color: transparent; box-sizing: border-box; border-style: none; display: block; margin: 10px auto;"/></p><p>笔者认为司马迁的说法可信度较高，司马迁在《史记》中这样记载，“始皇初继位，穿治郦山，及并天下，天下徒送诣七十万人，穿三泉，下铜而致椁，宫观百官奇器珍怪徙臧满之。令匠作机弩矢，有所穿近者，辄射之。以水银为百川江河大海，机相灌输，上具天文，下具地理。以人鱼膏为烛，度不灭者久之。”</p><p><img src="/upload/catcher/2017/1109/20171109233352-131547152321146432.jpeg" img_width="1505" img_height="1000" alt="秦始皇遗体究竟被埋的有多深？众说纷纭，司马迁的一说法最被认可" inline="0" style="-webkit-tap-highlight-color: transparent; box-sizing: border-box; border-style: none; display: block; margin: 10px auto;"/></p><p>欧洲核子研究人员通过《史记》等有关资料关于秦始皇陵地宫的描述，推断出地宫额深度在500米到1000米之间。这是一个惊人的深度，绝大多数中国研究人员不太认可，他们认为如果地宫深度在1000米，这就大大超过了北侧渭河河床深度，这回引起渭河河水倒灌地宫的危险。</p><p>另外，国内文物和地质专家在对秦始皇陵多次实地探测后，认为秦始皇地宫没有人们想象的那么深，因此司马迁的“穿三泉”说法还是比较靠谱的。</p>','0','21','news','2017-11-09 23:33:57'),
('9','30','','<p>先来看一幅画作：</p><p><img src="/upload/catcher/2017/1109/20171109233653-131547154131449629.jpeg" img_width="640" img_height="952" alt="高一男孩不好好学习，却用圆珠笔画出了纸上奇迹，专家都不敢相信" inline="0" style="-webkit-tap-highlight-color: transparent; box-sizing: border-box; border-style: none; display: block; margin: 10px auto;"/></p><p>《岁月沧桑》</p><p>如果什么都不说，</p><p>你会不会以为这是</p><p>有几十年功底的某位大家的力作？</p><p><img src="/upload/catcher/2017/1109/20171109233659-131547154199665611.jpeg" img_width="640" img_height="458" alt="高一男孩不好好学习，却用圆珠笔画出了纸上奇迹，专家都不敢相信" inline="0" style="-webkit-tap-highlight-color: transparent; box-sizing: border-box; border-style: none; display: block; margin: 10px auto;"/></p><p>《盼望》</p><p>画作中每个细节的刻画，</p><p>都足具震撼心灵的效果。</p><p><img src="/upload/catcher/2017/1109/20171109233702-131547154227914921.jpeg" img_width="640" img_height="362" alt="高一男孩不好好学习，却用圆珠笔画出了纸上奇迹，专家都不敢相信" inline="0" style="-webkit-tap-highlight-color: transparent; box-sizing: border-box; border-style: none; display: block; margin: 10px auto;"/></p><p><img src="/upload/catcher/2017/1109/20171109233704-131547154244215313.jpeg" img_width="640" img_height="362" alt="高一男孩不好好学习，却用圆珠笔画出了纸上奇迹，专家都不敢相信" inline="0" style="-webkit-tap-highlight-color: transparent; box-sizing: border-box; border-style: none; display: block; margin: 10px auto;"/></p><p>不论是光线和阴影的调和，</p><p>还是笔力和技法的运用，</p><p>都显得相当老练成熟。</p><p><img src="/upload/catcher/2017/1109/20171109233705-131547154257245172.jpeg" img_width="640" img_height="895" alt="高一男孩不好好学习，却用圆珠笔画出了纸上奇迹，专家都不敢相信" inline="0" style="-webkit-tap-highlight-color: transparent; box-sizing: border-box; border-style: none; display: block; margin: 10px auto;"/></p><p>《祈福》</p><p>那如果告诉你这其实</p><p>出自一个00后少年之手，</p><p>你会不会像我一样有点错愕？</p><p>他叫凌云登，</p><p>一个年仅16岁的高一学生，</p><p>也是一个标准的00后帅气小伙。</p><p><img src="/upload/catcher/2017/1109/20171109233707-131547154272264248.jpeg" img_width="276" img_height="301" alt="高一男孩不好好学习，却用圆珠笔画出了纸上奇迹，专家都不敢相信" inline="0" style="-webkit-tap-highlight-color: transparent; box-sizing: border-box; border-style: none; display: block; margin: 10px auto;"/></p><p>上高中之前，他没有接受过任何专业或业余的绘画授课，完全凭的是自己的琢磨。</p><p><img src="/upload/catcher/2017/1109/20171109233707-131547154278778883.jpeg" img_width="605" img_height="861" alt="高一男孩不好好学习，却用圆珠笔画出了纸上奇迹，专家都不敢相信" inline="0" style="-webkit-tap-highlight-color: transparent; box-sizing: border-box; border-style: none; display: block; margin: 10px auto;"/></p><p>“我从小就喜欢画画，</p><p>大概是从小学三年级，</p><p>我就开始用铅笔画画。”</p><p>别的同学课余、假期都尽情玩乐，</p><p>他则一个人躲在教室、宿舍、家里画动漫。</p><p><img src="/upload/catcher/2017/1109/20171109233712-131547154322956429.jpeg" img_width="640" img_height="885" alt="高一男孩不好好学习，却用圆珠笔画出了纸上奇迹，专家都不敢相信" inline="0" style="-webkit-tap-highlight-color: transparent; box-sizing: border-box; border-style: none; display: block; margin: 10px auto;"/></p><p><img src="/upload/catcher/2017/1109/20171109233712-131547154328237163.jpeg" img_width="614" img_height="960" alt="高一男孩不好好学习，却用圆珠笔画出了纸上奇迹，专家都不敢相信" inline="0" style="-webkit-tap-highlight-color: transparent; box-sizing: border-box; border-style: none; display: block; margin: 10px auto;"/></p><p>为了画画，</p><p>他可以连续几天不出门，</p><p>一连十几个小时不停地画画画。</p><p><img src="/upload/catcher/2017/1109/20171109233714-131547154346570750.jpeg" img_width="640" img_height="362" alt="高一男孩不好好学习，却用圆珠笔画出了纸上奇迹，专家都不敢相信" inline="0" style="-webkit-tap-highlight-color: transparent; box-sizing: border-box; border-style: none; display: block; margin: 10px auto;"/></p><p><img src="/upload/catcher/2017/1109/20171109233715-131547154352738634.jpeg" img_width="640" img_height="362" alt="高一男孩不好好学习，却用圆珠笔画出了纸上奇迹，专家都不敢相信" inline="0" style="-webkit-tap-highlight-color: transparent; box-sizing: border-box; border-style: none; display: block; margin: 10px auto;"/></p><p><img src="/upload/catcher/2017/1109/20171109233715-131547154356531325.jpeg" img_width="640" img_height="362" alt="高一男孩不好好学习，却用圆珠笔画出了纸上奇迹，专家都不敢相信" inline="0" style="-webkit-tap-highlight-color: transparent; box-sizing: border-box; border-style: none; display: block; margin: 10px auto;"/></p><p>就这样画了3年后，</p><p>他才开始照着身边的人和风景，</p><p>转向画风景和人物画。</p><p><img src="/upload/catcher/2017/1109/20171109233717-131547154379192755.jpeg" img_width="640" img_height="362" alt="高一男孩不好好学习，却用圆珠笔画出了纸上奇迹，专家都不敢相信" inline="0" style="-webkit-tap-highlight-color: transparent; box-sizing: border-box; border-style: none; display: block; margin: 10px auto;"/></p><p>《时光》</p><p>而直到上高中前的这些年，</p><p>他都是一个人按着自己的兴趣在画，</p><p>从未接受过任何的专业训练。</p><p><img src="/upload/catcher/2017/1109/20171109233718-131547154382942220.jpeg" img_width="539" img_height="776" alt="高一男孩不好好学习，却用圆珠笔画出了纸上奇迹，专家都不敢相信" inline="0" style="-webkit-tap-highlight-color: transparent; box-sizing: border-box; border-style: none; display: block; margin: 10px auto;"/></p><p>谈及为什么会用圆珠笔画画，这个有些害羞的男孩则说：“2014年底我才接触到圆珠笔画，当时忍不住想画点什么，但又不想被颜料、画笔、纸等限制，所以就随手拿起了桌上的圆珠笔。”</p><p><img src="/upload/catcher/2017/1109/20171109233718-131547154384475792.jpeg" img_width="596" img_height="350" alt="高一男孩不好好学习，却用圆珠笔画出了纸上奇迹，专家都不敢相信" inline="0" style="-webkit-tap-highlight-color: transparent; box-sizing: border-box; border-style: none; display: block; margin: 10px auto;"/></p><p>刚开始只是抱着有趣好玩的心态</p><p>用5毛钱的圆珠笔“乱”画，</p><p>谁知越画越上瘾，</p><p>甚至到了如痴如醉的地步。</p><p><img src="/upload/catcher/2017/1109/20171109233718-131547154385964730.jpeg" img_width="640" img_height="900" alt="高一男孩不好好学习，却用圆珠笔画出了纸上奇迹，专家都不敢相信" inline="0" style="-webkit-tap-highlight-color: transparent; box-sizing: border-box; border-style: none; display: block; margin: 10px auto;"/></p><p>《老人的笑容》</p><p>但是圆珠笔画教程却不多，</p><p>他只能一个人苦苦摸索，</p><p>一有空就跑到网上搜集</p><p>中央美术学院的精微素描来描摹。</p><p><img src="/upload/catcher/2017/1109/20171109233718-131547154388404313.jpeg" img_width="640" img_height="362" alt="高一男孩不好好学习，却用圆珠笔画出了纸上奇迹，专家都不敢相信" inline="0" style="-webkit-tap-highlight-color: transparent; box-sizing: border-box; border-style: none; display: block; margin: 10px auto;"/></p><p>圆珠笔画的工具很简单，</p><p>但难度却很大，</p><p>创作一幅优秀的圆珠笔画作品</p><p>不仅需要专业的技艺，</p><p>更需要超人的耐心。</p><p><img src="/upload/catcher/2017/1109/20171109233718-131547154389807619.jpeg" img_width="640" img_height="362" alt="高一男孩不好好学习，却用圆珠笔画出了纸上奇迹，专家都不敢相信" inline="0" style="-webkit-tap-highlight-color: transparent; box-sizing: border-box; border-style: none; display: block; margin: 10px auto;"/></p><p>而因为长时间的细致描画，</p><p>对一个十几岁的少年来说，</p><p>手、眼和身体的压力都非常巨大。</p><p>云登经常是完成一幅画作期间，</p><p>手要抽筋好几次。</p><p><img src="/upload/catcher/2017/1109/20171109233719-131547154391115588.jpeg" img_width="640" img_height="360" alt="高一男孩不好好学习，却用圆珠笔画出了纸上奇迹，专家都不敢相信" inline="0" style="-webkit-tap-highlight-color: transparent; box-sizing: border-box; border-style: none; display: block; margin: 10px auto;"/></p><p><img src="/upload/catcher/2017/1109/20171109233719-131547154391498131.jpeg" img_width="640" img_height="360" alt="高一男孩不好好学习，却用圆珠笔画出了纸上奇迹，专家都不敢相信" inline="0" style="-webkit-tap-highlight-color: transparent; box-sizing: border-box; border-style: none; display: block; margin: 10px auto;"/></p><p>“画圆珠笔画需要很安静，</p><p>画错了就擦不掉，</p><p>中途扔掉了自己会很心疼，</p><p>所以需要极度的认真细致。”</p><p><img src="/upload/catcher/2017/1109/20171109233719-131547154392108724.jpeg" img_width="640" img_height="476" alt="高一男孩不好好学习，却用圆珠笔画出了纸上奇迹，专家都不敢相信" inline="0" style="-webkit-tap-highlight-color: transparent; box-sizing: border-box; border-style: none; display: block; margin: 10px auto;"/></p><p>《沧桑的手》</p><p>直到高一的第一个学期，</p><p>他的绘画天赋才被班主任发掘，</p><p>班主任看到他的白描作品后大吃一惊，</p><p>赶紧把他推荐到了校美术科的组长那里。</p><p><img src="/upload/catcher/2017/1109/20171109233719-131547154393319488.jpeg" img_width="630" img_height="920" alt="高一男孩不好好学习，却用圆珠笔画出了纸上奇迹，专家都不敢相信" inline="0" style="-webkit-tap-highlight-color: transparent; box-sizing: border-box; border-style: none; display: block; margin: 10px auto;"/></p><p>就这样，云登才转到了美术特长班上课，</p><p>开始接受正规的美术教育，</p><p>不到一年的时间，</p><p>他画出了几幅震撼世人的画作，</p><p>而这些画作无一例外的都是老人题材。</p><p><img src="/upload/catcher/2017/1109/20171109233719-131547154394915677.jpeg" img_width="640" img_height="306" alt="高一男孩不好好学习，却用圆珠笔画出了纸上奇迹，专家都不敢相信" inline="0" style="-webkit-tap-highlight-color: transparent; box-sizing: border-box; border-style: none; display: block; margin: 10px auto;"/></p><p>原来他的家在广东信宜市钱排镇，</p><p>父母和青壮年都外出打工了，</p><p>每次放假回家，</p><p>他看到的都是留守家乡的老人。</p><p><img src="/upload/catcher/2017/1109/20171109233719-131547154396377941.jpeg" img_width="640" img_height="547" alt="高一男孩不好好学习，却用圆珠笔画出了纸上奇迹，专家都不敢相信" inline="0" style="-webkit-tap-highlight-color: transparent; box-sizing: border-box; border-style: none; display: block; margin: 10px auto;"/></p><p>《母爱》</p><p>看到为儿女操劳了一辈子的老人，</p><p>如今只能坐在家门口，</p><p>眼巴巴地望着远方，盼望着儿女归来</p><p>云登心里说不出的滋味，</p><p>于是决定把老人们一一画下来。</p><p><img src="/upload/catcher/2017/1109/20171109233719-131547154400033218.jpeg" img_width="640" img_height="362" alt="高一男孩不好好学习，却用圆珠笔画出了纸上奇迹，专家都不敢相信" inline="0" style="-webkit-tap-highlight-color: transparent; box-sizing: border-box; border-style: none; display: block; margin: 10px auto;"/></p><p><img src="/upload/catcher/2017/1109/20171109233720-131547154402629388.jpeg" img_width="640" img_height="362" alt="高一男孩不好好学习，却用圆珠笔画出了纸上奇迹，专家都不敢相信" inline="0" style="-webkit-tap-highlight-color: transparent; box-sizing: border-box; border-style: none; display: block; margin: 10px auto;"/></p><p><img src="/upload/catcher/2017/1109/20171109233720-131547154403820917.jpeg" img_width="640" img_height="362" alt="高一男孩不好好学习，却用圆珠笔画出了纸上奇迹，专家都不敢相信" inline="0" style="-webkit-tap-highlight-color: transparent; box-sizing: border-box; border-style: none; display: block; margin: 10px auto;"/></p><p>由心而生的真挚情感，</p><p>多年如一日的勤学苦练，</p><p>加之每幅作品动辄100多个小时的打磨···</p><p>让美术科的老师程郑兴都不禁赞叹：“画出来的几乎跟照片一样，已经属于超写实的范畴了，在国内，用圆珠笔画人物画的本来就少，像凌云登这样画到如此逼真就更加罕见。”</p><p><img src="/upload/catcher/2017/1109/20171109233720-131547154405093259.jpeg" img_width="640" img_height="444" alt="高一男孩不好好学习，却用圆珠笔画出了纸上奇迹，专家都不敢相信" inline="0" style="-webkit-tap-highlight-color: transparent; box-sizing: border-box; border-style: none; display: block; margin: 10px auto;"/></p><p>而众多画界的大家在看了他的画作后，更是根本不相信这出自一个16岁的稚嫩少年之手。</p><p>当人们的赞叹声从大街小巷依次传来，还在就读的凌云登似乎不受外界任何影响、诱惑，依旧淡定地拿着圆珠笔，细细地描绘着笔下的沧桑老人。</p><p><img src="/upload/catcher/2017/1109/20171109233720-131547154406378516.jpeg" img_width="640" img_height="921" alt="高一男孩不好好学习，却用圆珠笔画出了纸上奇迹，专家都不敢相信" inline="0" style="-webkit-tap-highlight-color: transparent; box-sizing: border-box; border-style: none; display: block; margin: 10px auto;"/></p><p>如今他还有了自己的理想：考入中央美术学院。相信这样一个有真情、肯付出的男孩，一定会如其所愿。</p><p>摘自：天涯艺术</p><p><br/></p>','0','25','news','2017-11-09 23:38:06'),
('10','31','','<p>最近经常会有涉及子女财产继承纠纷的新闻爆出，父母过世后只有1个子女，按理说父母的房产顺理成章的要被子女继承。但是，到银行和房管部门去咨询的时候，发现相关机构无法确认子女的继承权，导致财产不能顺利继承。</p><p>那么为什么相关机构会不配合独生子女继承房产呢？因为仅凭独生子女证，不能认定独生子女就是唯一的继承人。如果独生子女不能提供具有法律效力的证明材料，房管、银行、保险、工商等相关机构即无法判断继承人提供的相关材料的真实性，无法确认该独生子女就是唯一继承人，相关机构当然不能配合继承人查明遗产和办理遗产继承手续。</p><p><img src="/upload/catcher/2017/1109/20171109233847-131547155273547994.jpeg" img_width="627" img_height="399" alt="2017最新继承法：没有遗嘱怎么继承房产？独生子女都得看看" inline="0" style="-webkit-tap-highlight-color: transparent; box-sizing: border-box; border-style: none; display: block; margin: 10px auto;"/></p><p>根据我国《继承法》的规定，继承开始后，按照法定继承办理;有遗嘱的，按照遗嘱继承或者遗赠办理;有遗赠扶养协议的，按照协议办理。如果没有遗嘱那么应当按照法定继承办理继承事宜。</p><p>那么，没有遗嘱的，想要继承房子的话，应该按照法定继承办理继承事宜。</p><p>按照法定继承，应该首先确定继承的顺序。根据《继承法》第十条的规定，遗产按照下列顺序继承：</p><p><img src="/upload/catcher/2017/1109/20171109233847-131547155274980469.jpeg" img_width="561" img_height="189" alt="2017最新继承法：没有遗嘱怎么继承房产？独生子女都得看看" inline="0" style="-webkit-tap-highlight-color: transparent; box-sizing: border-box; border-style: none; display: block; margin: 10px auto;"/></p><p><img src="/upload/catcher/2017/1109/20171109233847-131547155277287663.jpeg" img_width="547" img_height="369" alt="2017最新继承法：没有遗嘱怎么继承房产？独生子女都得看看" inline="0" style="-webkit-tap-highlight-color: transparent; box-sizing: border-box; border-style: none; display: block; margin: 10px auto;"/></p><h1>房产继承程序是怎样的?</h1><p><img src="/upload/catcher/2017/1109/20171109233847-131547155278720036.jpeg" img_width="566" img_height="380" alt="2017最新继承法：没有遗嘱怎么继承房产？独生子女都得看看" inline="0" style="-webkit-tap-highlight-color: transparent; box-sizing: border-box; border-style: none; display: block; margin: 10px auto;"/></p><p><img src="/upload/catcher/2017/1109/20171109233847-131547155280300070.jpeg" img_width="394" img_height="324" alt="2017最新继承法：没有遗嘱怎么继承房产？独生子女都得看看" inline="0" style="-webkit-tap-highlight-color: transparent; box-sizing: border-box; border-style: none; display: block; margin: 10px auto;"/></p><p><img src="/upload/catcher/2017/1109/20171109233848-131547155281159183.jpeg" img_width="554" img_height="276" alt="2017最新继承法：没有遗嘱怎么继承房产？独生子女都得看看" inline="0" style="-webkit-tap-highlight-color: transparent; box-sizing: border-box; border-style: none; display: block; margin: 10px auto;"/></p><h1>独生子女要继承房产，需要怎么做呢？<br/></h1><p><img src="/upload/catcher/2017/1109/20171109233848-131547155282212334.jpeg" img_width="566" img_height="494" alt="2017最新继承法：没有遗嘱怎么继承房产？独生子女都得看看" inline="0" style="-webkit-tap-highlight-color: transparent; box-sizing: border-box; border-style: none; display: block; margin: 10px auto;"/></p><h1>如果连遗嘱都没有，可以怎么办？</h1><p><img src="/upload/catcher/2017/1109/20171109233848-131547155283841215.jpeg" img_width="551" img_height="141" alt="2017最新继承法：没有遗嘱怎么继承房产？独生子女都得看看" inline="0" style="-webkit-tap-highlight-color: transparent; box-sizing: border-box; border-style: none; display: block; margin: 10px auto;"/></p><p><br/></p>','0','15','news','2017-11-09 23:39:22'),
('11','32','','<p><img src="/upload/catcher/2017/1109/20171109234032-131547156323750977.jpeg" img_width="600" img_height="362" alt="运输黑奴时 奴隶贩子为什么通常要将黑奴剥得精光 不给衣服穿？" inline="0" style="-webkit-tap-highlight-color: transparent; box-sizing: border-box; border-style: none; display: block; margin: 10px auto;"/></p><p>在看黑奴贸易留下的老照片或者反映该现象的艺术作品例如油画、电影、电视剧时，我们通常会发现一种场景，那就是白人（奴隶贩子）穿着衣冠楚楚，在大声训斥、指挥或者鞭打黑奴，而黑奴全身上下往往只有一块帆布遮挡下体。<br/></p><p>很多人可能没有注意到这个细节，或者认为这是因为非洲由于处于热带、亚热带地区，天气闷热，黑奴们平时就不怎么穿衣服，所以黑奴在被奴隶贩子捉到贩奴船后，也是不穿衣服的。</p><p>笔者最早也是这么想的，但最近看了18世纪一位奴隶贩子巴波特的回忆录后，才发现这是奴隶贩子刻意为之。</p><p><img src="/upload/catcher/2017/1109/20171109234032-131547156324572287.jpeg" img_width="640" img_height="386" alt="运输黑奴时 奴隶贩子为什么通常要将黑奴剥得精光 不给衣服穿？" inline="0" style="-webkit-tap-highlight-color: transparent; box-sizing: border-box; border-style: none; display: block; margin: 10px auto;"/></p><p>在巴波特的航海日记中写道：“奴隶在烙好标记以后，就被送回他们原来呆的窝棚等着被运走，有时候要等上十天或者半个月。在运走的时候，先把他们剥得精光，然后不分男女装上贩奴船。在整洁的船上，每一个奴隶上船的时候发给一块帆布围在腰上。”</p><p>奴隶贩子为什么要这么做，笔者想了下，大体有以下几个原因。</p><p>一、出于预防传染病的需要。由于大陆之间相隔甚远，不同大陆有着不一样的疾病。有些洲的人可能对该类疾病产生了抗体，但别的洲的人可能极容易感染上该类疾病，并有致命的危险。这类事件在黑奴贸易中是有真实发生过。</p><p>有一种疾病叫黄热病，最早发源于非洲，非洲人当时已经对黄热病病毒已经具有免疫力，但是欧洲人和美洲人的免疫系统却对此类病毒束手无策。因此在黑奴贸易时许多黑奴带着黄热病毒来到欧洲和美洲，造成了大规模的传染病，导致大量人口死亡和劳动力损失。</p><p>因此在购买黑奴时，奴隶贩子通常会聘请医生对挑选出来的黑奴进行身体检查，以确认黑奴的身体状况。</p><p><img src="/upload/catcher/2017/1109/20171109234032-131547156325046695.jpeg" img_width="500" img_height="361" alt="运输黑奴时 奴隶贩子为什么通常要将黑奴剥得精光 不给衣服穿？" inline="0" style="-webkit-tap-highlight-color: transparent; box-sizing: border-box; border-style: none; display: block; margin: 10px auto;"/></p><p>“医生对每一个人，连年轻最小的人在内，都浑身进行检查...另外一些不合格的奴隶另归在一起，这种奴隶叫马克隆，都是三十五岁以上，他们或是嘴唇、眼睛或牙齿有缺陷，不然就是体态衰老，不然就是有性病或者任何其他毛病。”</p><p>奴隶贩子之所以如此注重黑奴的身体健康，除了健壮的黑奴能卖出好价格以外，更担心黑奴身上带有传染病感染了整个船上的人，导致整船黑奴死掉。将黑奴之前身上穿的衣服扔掉，可以减少感染病爆发的风险。</p><p>二、出于利益方面的考虑。上面已经说到，黑奴身上原本的衣服可能携带有大量的病菌，因此奴隶贩子要把他们剥光，那有人就问了，为什么不选择给他们换上新的衣服呢？</p><p>黑奴贸易的本质是世界范围内货物的交换，奴隶贩子从中间赚取价格差。由于当时的贩奴船体积较小，本身所能携带的货物就较少，如果要为黑奴们准备大量的衣物，既要花费一定的成本，又要挤占船舱的空间，对奴隶主来说无异是得不偿失。</p><p><img src="/upload/catcher/2017/1109/20171109234032-131547156326158931.jpeg" img_width="500" img_height="373" alt="运输黑奴时 奴隶贩子为什么通常要将黑奴剥得精光 不给衣服穿？" inline="0" style="-webkit-tap-highlight-color: transparent; box-sizing: border-box; border-style: none; display: block; margin: 10px auto;"/></p><p>为了不让黑奴们衣不蔽体，奴隶贩子通常会用上文巴波特所提到的方法，将船上多余的帆布剪裁成一块块的，然后分发给黑奴用来围住下体，“对此，这些可怜人觉得非常满意”。</p><p>三、对待黑奴心态的原因。在中国人的习惯里，经常将衣物和人的地位联系起来，“沐猴而冠”“锦衣夜行”便是这种思维的体现，欧洲人也非常重视衣着和打扮的，他们认为会追求美创造美是人和动物非常大的一个区别。</p><p>但在欧洲人看来黑奴不过是一种会说话的工具，不是和他们有相同地位的人。他们只关心黑奴作为商品能给他们带来多少利润，至于他们的自尊、安全甚至生命本身，都不在他们的考虑范围之内。</p><p>正如一位名叫贾菲特伯尔的船长在给他的老板布里斯托尔信中所写的，“尽管我倒霉，在我手里死了70多个比我现在卖出的奴隶都无逊色的奴隶...不过这不能说出于我的懈怠，因为我可以向诸位保证：我是经常关怀并努力维护雇佣我的列位先生们的利益的。”</p><p><img src="/upload/catcher/2017/1109/20171109234032-131547156327381707.jpeg" img_width="696" img_height="412" alt="运输黑奴时 奴隶贩子为什么通常要将黑奴剥得精光 不给衣服穿？" inline="0" style="-webkit-tap-highlight-color: transparent; box-sizing: border-box; border-style: none; display: block; margin: 10px auto;"/></p><p>对奴隶贩子来说，死70多名黑奴算不了什么，他们只是关心这笔生意有没有亏损。年轻的伯尔德船长的想法，实际上是代表了那个时代资本家最真切的追求。</p>','0','21','news','2017-11-09 23:40:38'),
('12','33','','<p><img src="/upload/catcher/2017/1109/20171109234427-131547158679793336.jpeg" img_width="600" img_height="374" alt="敢叫洪金宝三毛，成龙大鼻、袁和平大眼，也只有霸气的包租婆" inline="0" style="-webkit-tap-highlight-color: transparent; box-sizing: border-box; border-style: none; display: block; margin: 10px auto;"/></p><p>七小福成员享誉香港影坛，有洪金宝和成龙这样的大咖，也有元奎和元彪元华这样优秀的导演和演员。不过他们面对一个人的时候，都要叫一声师姐，她就是元秋，我们熟知的包租婆。</p><p><img src="/upload/catcher/2017/1109/20171109234428-131547158681259451.jpeg" img_width="600" img_height="316" alt="敢叫洪金宝三毛，成龙大鼻、袁和平大眼，也只有霸气的包租婆" inline="0" style="-webkit-tap-highlight-color: transparent; box-sizing: border-box; border-style: none; display: block; margin: 10px auto;"/></p><p>元秋，原名张转男，1950年出生于香港，在家排行老三，一看名字就知道上面是两个姐姐，父母非常希望下一个孩子是男孩。元秋本就出生在京剧世家，从小在父亲的影响下对京剧比较热爱，最喜欢的偶像是京剧大师马连良和梅兰芳。不过到了香港之后，父亲迫于生计投身粤剧做五军虎，也就是我们常说的武师。同时为了减轻家中负担，父亲将7岁的元秋送到于占元戏剧学院学艺。</p><p><img src="/upload/catcher/2017/1109/20171109234428-131547158682200477.jpeg" img_width="600" img_height="401" alt="敢叫洪金宝三毛，成龙大鼻、袁和平大眼，也只有霸气的包租婆" inline="0" style="-webkit-tap-highlight-color: transparent; box-sizing: border-box; border-style: none; display: block; margin: 10px auto;"/></p><p>到了戏剧学院，师傅为她取艺名元秋，不知道是不是根据他女儿于素秋的名字来取的，当时于素秋早已在粤语片中是当红的女侠。元秋比洪金宝、成龙他们入门早，无论他们在外面多大牌，元秋只会叫他们三毛和大鼻，只因为她是师姐，并且在那个年代非常重视长幼尊卑。</p><p><img src="/upload/catcher/2017/1109/20171109234428-131547158684319703.jpeg" img_width="600" img_height="622" alt="敢叫洪金宝三毛，成龙大鼻、袁和平大眼，也只有霸气的包租婆" inline="0" style="-webkit-tap-highlight-color: transparent; box-sizing: border-box; border-style: none; display: block; margin: 10px auto;"/></p><p>十年学艺生涯掌握一身的本领，1967年17岁的元秋投身电影圈，加盟邵氏做一名武替，给邢慧、李菁、金菲等女星做替身。只可惜那个时期男性动作演员比较吃香，当了5年的替身演员的元秋于1972年签约大地影业公司，出演了《女警察》和《顶天立地》两部电影，表现可圈可点。</p><p><img src="/upload/catcher/2017/1109/20171109234428-131547158686274290.jpeg" img_width="600" img_height="291" alt="敢叫洪金宝三毛，成龙大鼻、袁和平大眼，也只有霸气的包租婆" inline="0" style="-webkit-tap-highlight-color: transparent; box-sizing: border-box; border-style: none; display: block; margin: 10px auto;"/></p><p>1974年007系列《金枪人》到香港选角，看中了元秋，邀请她出演一个女学生，虽然字幕没有打出她的名字，不过能够成为邦女郎，能够和好莱坞合作在当时也是一项殊荣。</p><p><img src="/upload/catcher/2017/1109/20171109234428-131547158687621955.jpeg" img_width="600" img_height="337" alt="敢叫洪金宝三毛，成龙大鼻、袁和平大眼，也只有霸气的包租婆" inline="0" style="-webkit-tap-highlight-color: transparent; box-sizing: border-box; border-style: none; display: block; margin: 10px auto;"/></p><p>混迹影坛几年，没有什么大的成就，之后在姐姐的介绍下结识一位文员，24岁就早早的选择结婚嫁人。后来也出演过几部影片，诸如《洪拳大师》《五大弟子》等等。</p><p><img src="/upload/catcher/2017/1109/20171109234428-131547158689388007.jpeg" img_width="600" img_height="528" alt="敢叫洪金宝三毛，成龙大鼻、袁和平大眼，也只有霸气的包租婆" inline="0" style="-webkit-tap-highlight-color: transparent; box-sizing: border-box; border-style: none; display: block; margin: 10px auto;"/></p><p>还有袁和平执导的《勇者无惧》，袁和平在于占元门下也学习过一段时间，也是元秋的师弟，她总是喊他大眼，才不管他是不是天下第一武指。</p><p><img src="/upload/catcher/2017/1109/20171109234429-131547158692887634.jpeg" img_width="600" img_height="250" alt="敢叫洪金宝三毛，成龙大鼻、袁和平大眼，也只有霸气的包租婆" inline="0" style="-webkit-tap-highlight-color: transparent; box-sizing: border-box; border-style: none; display: block; margin: 10px auto;"/></p><p>同时和师弟元德在《天蚕变》中饰演风雨两位杀手，元德如今也是一名优秀武术指导，和元奎搭档比较多。</p><p><img src="/upload/catcher/2017/1109/20171109234429-131547158693198561.jpeg" img_width="600" img_height="268" alt="敢叫洪金宝三毛，成龙大鼻、袁和平大眼，也只有霸气的包租婆" inline="0" style="-webkit-tap-highlight-color: transparent; box-sizing: border-box; border-style: none; display: block; margin: 10px auto;"/></p><p>80年代中期演完《新飞狐外传》《霹雳十杰》《弟子也疯狂》几部影片后，选择彻底息影，安心做一名家庭主妇。正常情况下，元秋可能会彻底成为一名路人。</p><p><img src="/upload/catcher/2017/1109/20171109234429-131547158693877725.jpeg" img_width="600" img_height="267" alt="敢叫洪金宝三毛，成龙大鼻、袁和平大眼，也只有霸气的包租婆" inline="0" style="-webkit-tap-highlight-color: transparent; box-sizing: border-box; border-style: none; display: block; margin: 10px auto;"/></p><p><img src="/upload/catcher/2017/1109/20171109234429-131547158694358327.jpeg" img_width="600" img_height="267" alt="敢叫洪金宝三毛，成龙大鼻、袁和平大眼，也只有霸气的包租婆" inline="0" style="-webkit-tap-highlight-color: transparent; box-sizing: border-box; border-style: none; display: block; margin: 10px auto;"/></p><p>不过命运无常，2004年元秋作为陪同，和两个师妹元菊元心前去试镜周星驰的《功夫》。结果两个师妹一个不断NG，一个怕丑。等得不耐烦的元秋只能坐在旁边抽烟，刚好被星爷看到她那个姿势。之后就找她开始约谈，还告诉她有洪金宝做武术指导，元华也有参演。想着有两位师弟在片场，再加上自己曾经的演员梦没有熄灭，元秋决定出演。</p><p><img src="/upload/catcher/2017/1109/20171109234429-131547158695200863.jpeg" img_width="600" img_height="409" alt="敢叫洪金宝三毛，成龙大鼻、袁和平大眼，也只有霸气的包租婆" inline="0" style="-webkit-tap-highlight-color: transparent; box-sizing: border-box; border-style: none; display: block; margin: 10px auto;"/></p><p>元秋为了塑造好包租婆这个角色，两个月增肥二十多斤，最终那个满头发卷、口咬香烟、身穿丝质睡衣出场的包租婆给我们留下了深刻的印象，由于元秋表现出色，星爷不断给她增加戏份，最后竟然超过了女主角黄圣依。</p><p><img src="/upload/catcher/2017/1109/20171109234429-131547158696537574.jpeg" img_width="600" img_height="367" alt="敢叫洪金宝三毛，成龙大鼻、袁和平大眼，也只有霸气的包租婆" inline="0" style="-webkit-tap-highlight-color: transparent; box-sizing: border-box; border-style: none; display: block; margin: 10px auto;"/></p><p><img src="/upload/catcher/2017/1109/20171109234429-131547158698561302.jpeg" img_width="600" img_height="271" alt="敢叫洪金宝三毛，成龙大鼻、袁和平大眼，也只有霸气的包租婆" inline="0" style="-webkit-tap-highlight-color: transparent; box-sizing: border-box; border-style: none; display: block; margin: 10px auto;"/></p><p>曾经的邦女郎，于占元得意女弟子，洪金宝和成龙师姐，一出江湖果然宝刀未老，出色的表演夺得第42届台湾电影金马奖最佳女配角奖和第28届大众电影百花奖最佳女配角奖。</p><p><img src="/upload/catcher/2017/1109/20171109234429-131547158699054660.jpeg" img_width="600" img_height="383" alt="敢叫洪金宝三毛，成龙大鼻、袁和平大眼，也只有霸气的包租婆" inline="0" style="-webkit-tap-highlight-color: transparent; box-sizing: border-box; border-style: none; display: block; margin: 10px auto;"/></p><p>后来许多导演找元秋演戏，和王晶合作的比较多，不过大部分角色都是延续包租婆的老路，没有多大的突破，诸如《雀圣》系列的十三飞。一般影片也都是以她和师弟元华放在一起作为卖点，毕竟两人在《功夫》中的杨过和小龙女深入人心。</p><p><img src="/upload/catcher/2017/1109/20171109234429-131547158700084664.jpeg" img_width="600" img_height="398" alt="敢叫洪金宝三毛，成龙大鼻、袁和平大眼，也只有霸气的包租婆" inline="0" style="-webkit-tap-highlight-color: transparent; box-sizing: border-box; border-style: none; display: block; margin: 10px auto;"/></p><p><img src="/upload/catcher/2017/1109/20171109234429-131547158700589505.jpeg" img_width="600" img_height="332" alt="敢叫洪金宝三毛，成龙大鼻、袁和平大眼，也只有霸气的包租婆" inline="0" style="-webkit-tap-highlight-color: transparent; box-sizing: border-box; border-style: none; display: block; margin: 10px auto;"/></p><p>除了王晶之外，刘镇伟在《越光宝盒》中直接连角色都不改，让元秋继续出演包租婆一角，不过观众不是好糊弄的，不要打着怀旧的旗号来圈钱。王晶今年的《追龙》认真了，进步了，昔日的刘镇伟什么时候能回来呢？</p><p><img src="/upload/catcher/2017/1109/20171109234430-131547158701441734.jpeg" img_width="600" img_height="399" alt="敢叫洪金宝三毛，成龙大鼻、袁和平大眼，也只有霸气的包租婆" inline="0" style="-webkit-tap-highlight-color: transparent; box-sizing: border-box; border-style: none; display: block; margin: 10px auto;"/></p><p>近些年元秋依然活跃在演艺圈，可惜再也没有突破包租婆的角色了。除了电影之外，也出演过不少电视剧。早在七十年代的时候就和妹妹文雪儿合作过《碧血剑》《广东好汉》。不过包租婆和妹妹的星运千差万别，妹妹文雪儿一出道就受到力捧，前期是和米雪齐名的佳艺电视台花旦，后来又是亚视花旦，而且还是第一代韦小宝，同时出演过不少金庸古龙小说改编的电影。</p><p><img src="/upload/catcher/2017/1109/20171109234430-131547158702278387.jpeg" img_width="600" img_height="467" alt="敢叫洪金宝三毛，成龙大鼻、袁和平大眼，也只有霸气的包租婆" inline="0" style="-webkit-tap-highlight-color: transparent; box-sizing: border-box; border-style: none; display: block; margin: 10px auto;"/></p><p><img src="/upload/catcher/2017/1109/20171109234430-131547158703098877.jpeg" img_width="600" img_height="450" alt="敢叫洪金宝三毛，成龙大鼻、袁和平大眼，也只有霸气的包租婆" inline="0" style="-webkit-tap-highlight-color: transparent; box-sizing: border-box; border-style: none; display: block; margin: 10px auto;"/></p><p>妹妹文雪儿早在90年代就退出了影坛，和朋友还开了不少美甲店，家庭事业双丰收。再看姐姐元秋，前半生事业不顺利，中间离婚成单亲妈妈，后半生才真正的释放自我，期待包租婆继续为我们带来优秀作品！</p><p><img src="/upload/catcher/2017/1109/20171109234430-131547158703425446.jpeg" img_width="600" img_height="419" alt="敢叫洪金宝三毛，成龙大鼻、袁和平大眼，也只有霸气的包租婆" inline="0" style="-webkit-tap-highlight-color: transparent; box-sizing: border-box; border-style: none; display: block; margin: 10px auto;"/></p><p><img src="/upload/catcher/2017/1109/20171109234430-131547158705571640.jpeg" img_width="600" img_height="377" alt="敢叫洪金宝三毛，成龙大鼻、袁和平大眼，也只有霸气的包租婆" inline="0" style="-webkit-tap-highlight-color: transparent; box-sizing: border-box; border-style: none; display: block; margin: 10px auto;"/></p><p><img src="/upload/catcher/2017/1109/20171109234430-131547158706424998.jpeg" img_width="600" img_height="501" alt="敢叫洪金宝三毛，成龙大鼻、袁和平大眼，也只有霸气的包租婆" inline="0" style="-webkit-tap-highlight-color: transparent; box-sizing: border-box; border-style: none; display: block; margin: 10px auto;"/></p>','0','16','news','2017-11-09 23:44:43'),
('13','34','','<p><strong>11月6日电</strong>&nbsp;北京时间11月6日凌晨3点45分(当地时间5日晚间20点45分)，2017-18赛季西甲第11轮一场焦点战，皇马坐镇伯纳乌主场迎战拉斯帕尔马斯。卡塞米罗首开纪录，阿森西奥世界波再下一城，C罗助攻伊斯科打进第3球，皇马主场3-0完胜，摆脱各项赛事的连败，西甲继续落后巴萨8分。</p><p><img src="/upload/catcher/2017/1110/20171110061331-131547392120331435.jpg" title="1509938514748600.jpg" alt="1509938514748600.jpg" width="550" height="Infinity" border="0" vspace="0" style="border: 0px; width: 550px;"/></p><p>阿森西奥与马塞洛庆祝进球</p><p>西甲历史上，皇马和拉斯帕尔马斯交锋66次，银河战舰44胜15平7负，进172球失62球占据上风。其中在伯纳乌主场，皇马33次对阵拉斯帕尔马斯28胜5平，进116球失22球保持不败。巴列霍、阿森西奥轮换进入首发，纳乔客串右后卫，莫德里奇、阿奇拉夫坐在替补席上。</p><p>赛前伯纳乌举行默哀仪式，悼念前皇马队长曼努埃尔-桑奇斯，10月28日，老桑奇斯离世，享年79岁。开场仅4分钟，本泽马禁区内的右脚低射被门将利索艾因挡出。第21分钟客队打出反击，比托洛传球，米歇尔插上，禁区右肋的小角度劲射被卡西利亚扑出。</p><p>第24分钟，伊斯科前场左侧挑球，皮球打在纳瓦斯左臂上，皇马获得距离球门25米处偏左的任意球，C罗右脚劲射打在人墙上弹出。第28分钟，克罗斯分球，C罗大禁区线上横向摆脱，左脚弧线球稍稍偏出！第32分钟，马塞洛左路传中被解围，纳乔大禁区线上左脚劲射稍稍高出横梁！</p><p>第33分钟，米歇尔撞倒C罗，皇马获得距离大门28米处任意球，C罗的右脚重炮依旧打在人墙上弹出。2分钟后马塞洛左路传中，C罗6米处的头球冲顶又被门将利索艾因扑在怀下。第37分钟，马塞洛超30米处的左脚劲射偏出目标。</p><p>第41分钟皇马打破僵局，阿森西奥罚出右侧角球，前点拉斯帕尔马斯球员的头球解围未果，反倒头球一蹭到后点，卡塞米罗小禁区线上头球攻门得手，皇马1-0领先！</p><p><br/></p><p><img alt="西甲-C罗送助攻阿森西奥世界波 皇马3-0告别连败" src="/upload/catcher/2017/1110/20171110061332-131547392124130469.gif" style="border: 0px;"/></p><p><br/></p><p>下半场易边再战，第56分钟皇马再下一城，克罗斯前场右侧任意球罚入禁区，利索艾因双掌将球击出。距离球门25米之外，阿森西奥左脚迎球怒射，皮球窜入左上死角，皇马2-0！这是阿森西奥本赛季西甲第4球。</p><p><br/></p><p><img alt="西甲-C罗送助攻阿森西奥世界波 皇马3-0告别连败" src="/upload/catcher/2017/1110/20171110061332-131547392130568646.gif" style="border: 0px;"/></p><p><br/></p><p>第64分钟，克罗斯铲倒米歇尔领到黄牌。第74分钟皇马锦上添花，拉莫斯抢断比托洛时有犯规嫌疑，裁判并没有鸣哨。皇马打出反击，C罗右路低传门前，伊斯科9米处左脚推射破门，皇马3-0拉斯帕尔马斯！</p><p><br/></p><p><img alt="西甲-C罗送助攻阿森西奥世界波 皇马3-0告别连败" src="/upload/catcher/2017/1110/20171110061333-131547392135794500.gif" style="border: 0px;"/></p><p><br/></p><p>第83分钟皇马险些再破门，拉莫斯接到横传，12米处右脚射门击中横梁弹出！第89分钟，小将巴列霍出现抽筋。（网易体育）</p><p><br/></p>','0','18','news','2017-11-10 06:13:50'),
('14','39','十连胜凯尔特人当NBA老大，你晕吗？','<p>在昨日进行的一场NBA（美职篮）常规赛中，波士顿凯尔特人队主场107 96战胜洛杉矶湖人队，豪取十连胜之后领跑全联盟。</p><p>谁能想到，目前高居联盟榜首的，居然是揭幕战就失去新“三巨头”之一海沃德的凯尔特人。10胜2负，“绿衫军”高居联盟第一，外界惊呼，老牌劲旅“绿衫军”要重振雄风了。</p><p>欧文的蜜月</p><p>赛季前，凯尔特人从骑士交易来欧文，引发外界不少担忧，“欧文在离开小皇帝詹姆斯后，能否领军一支菜鸟占多数的球队打出好成绩？”11场比赛后，欧文已经证明他的货真价实，他和“绿衫军”已正式进入“蜜月期”。</p><p>在主教练史蒂文斯的调教下，欧文将自己的篮球天赋发挥到极致。史蒂文斯给了欧文想要的一切，让他以纯控卫的身份，成为篮球赛场上的终结者。</p><p>背后的男人</p><p>揭幕战上，海沃德的重伤让这支刚刚组建起来的东部之师还没出征就危机四伏，当时外界认为凯尔特人新赛季凶多吉少。</p><p>“绿衫军”背后的男人——主教练史蒂文斯终于站出来。以教练为核心确立重建，或许联盟仅此一家。史蒂文斯有怎样的履历？1976年出生的他，被认为是NBA的一名少帅，2001年开始担任巴特勒大学助教，2007年上任主教练， 并带领巴特勒大学两度打进NCAA决赛，成为NCAA历史上最年轻的总决赛教练。</p><p>2013年入主凯尔特人后，史蒂文斯一步一个脚印，终于在上赛季将球队重新带回东部决赛。一个波波维奇让马刺辉煌了20年，而史蒂文斯很可能就是下一个年轻的波波维奇。</p><p>低调的老大</p><p>新赛季伊始，不少人并不看好凯尔特人的新“三巨头”，认为他们达不到老“三巨头”时的辉煌，尤其是31岁的霍福德，上赛季东部决赛中，在面对骑士时，他被对手“完虐”。<span style="text-indent: 2em;"></span></p><p>如今，站在欧文身边，霍福德策应、投篮、攻框，愈战愈勇。他出手并不多，但命中率极高，场均达到53.1%，在同魔术和雷霆的比赛中，三分球更是百发百中，而且场均助攻达到4.7次。拥有如此全面的技术，并且在关键时刻能够挺身而出，霍福德完全展示了其全明星级别的水平。</p><p>尽管霍福德是凯尔特人阵中为数不多的“老人”，但他并没有自诩为更衣室老大。“我们要像一个团队一样成长。外界想给我们标记一个领袖，但我觉得，我们队中有很多领导者。如果更衣室里只有一个老大，那倒是真令人担忧。”霍福德说。越来越多的球迷认为，凯尔特人有一个低调的“老大”。陶邢莹</p><p><br/></p>','0','18',null,'2017-11-24 08:32:24'),
('15','36','','<p><img alt="2017广州车展轿车展望 跟SUV一样有看点" src="/upload/catcher/2017/1110/20171110061746-131547394661759605.jpg" complete="complete" oldsrc="W020171109361093516368.jpg" style="border: 0px;"/></p><p><br/><br/>　　凤凰网汽车·广州车展前瞻 还有一周时间，2017广州国际车展即将开幕，作为本年度最后一场汽车界的盛会，有很多重量级新车将在此发布，除了国人最热衷的SUV，也有不少轿车值得关注，它们的看点可一点也不少。下面我们就列出重中之重，这几款轿车新品不看你就会后悔。<br/><br/>　　丰田全新凯美瑞<br/><br/>　　重要指数：★★★★★<br/><br/>　　看点：TNGA架构中国首款新车<br/><br/>　　首先，凯美瑞这个名号就足以让很多人注目。从最初国产的第6代车型，到即将推出的第8代车型，通过十几年的经营，凯美瑞早已在国人心中形成并牢固了知名、畅销中型轿车的形象，可家用，可兼顾商用，20万级别妥妥的优选轿车。不仅在中国，在全世界凯美瑞都是知名、畅销的代名词，比如连续多年蝉联北美最畅销轿车的称号。<br/><br/>　　</p><p><img alt="2017广州车展轿车展望 跟SUV一样有看点" src="/upload/catcher/2017/1110/20171110061746-131547394665489712.jpg" complete="complete" oldsrc="W020171109361096596443.jpg" style="border: 0px;"/></p><p><img alt="2017广州车展轿车展望 跟SUV一样有看点" src="/upload/catcher/2017/1110/20171110061746-131547394670794416.jpg" complete="complete" oldsrc="W020171109361098359553.jpg" style="border: 0px;"/></p><p><br/><br/>　　现在，全新第8代凯美瑞来了，除了响当当的名号，还有很多实质的提升值得关注。TNGA——Toyota New Global Architecture，你可以简单把它看成与大众MQB一样的模块化平台，但它不仅仅是平台的概念，而是一个造车架构，从设计、制造、发动机、底盘平台，每一项都在TNGA这个架构当中。<br/><br/>　　</p><p><img alt="2017广州车展轿车展望 跟SUV一样有看点" src="/upload/catcher/2017/1110/20171110061747-131547394672317385.jpg" complete="complete" oldsrc="W020171109361099910406.jpg" style="border: 0px;"/></p><p><br/><br/>　　TNGA代表丰田全新的造车理念，丰田未来的新车都围绕着这个架构展开。凯美瑞既是中国，也是全球第一款TNGA架构下诞生的新车，有点开创新世代的意思，想不感兴趣都难。<br/><br/>　　</p><p><img alt="2017广州车展轿车展望 跟SUV一样有看点" src="/upload/catcher/2017/1110/20171110061747-131547394674709578.jpg" complete="complete" oldsrc="W020171109361101573911.jpg" style="border: 0px;"/></p><p><br/><br/>　　全新凯美瑞有三个版本：豪华版、混动版和运动版，带来不同性格，也从根本上改变了凯美瑞以往的形象，更年轻、更多元。如此一来，凯美瑞一款车型就能更好满足不同的用户需求，年轻人选择运动版、商务人士对应豪华版、家庭用户适合混动版。如果你有不同意见，广州车展见过真车后，欢迎分享。<br/><br/>　　</p><p><img alt="2017广州车展轿车展望 跟SUV一样有看点" src="/upload/catcher/2017/1110/20171110061747-131547394678037823.jpg" complete="complete" oldsrc="W020171109361103797436.jpg" style="border: 0px;"/></p><p><img alt="2017广州车展轿车展望 跟SUV一样有看点" src="/upload/catcher/2017/1110/20171110061748-131547394681319196.jpg" complete="complete" oldsrc="W020171109361105847224.jpg" style="border: 0px;"/></p><p><br/><br/>　　从外观可以看出全新凯美瑞年轻化的趋势，到了车内则有新潮、高档的感觉，这要比之前两代有明显提升。据提前感受过新车的同事说，在全新凯美瑞上，丰田有了比拟雷克萨斯的水准。这个评价看似有点偏高啊，信不信还得自己亲自去体验，广州车展必须约起来。<br/><br/>　　</p><p><img alt="2017广州车展轿车展望 跟SUV一样有看点" src="/upload/catcher/2017/1110/20171110061748-131547394683819782.jpg" complete="complete" oldsrc="W020171109361107647659.jpg" style="border: 0px;"/></p><p><img alt="2017广州车展轿车展望 跟SUV一样有看点" src="/upload/catcher/2017/1110/20171110061748-131547394687548752.jpg" complete="complete" oldsrc="W020171109361109305315.jpg" style="border: 0px;"/></p><p><br/><br/>　　坚持使用自然吸气发动机？这并没有什么问题，而且还可以当吹NB的资本，因为全新凯美瑞上用到的发动机是目前世界上热效率最高的发动机，变速箱也升级为8AT了，绝不少人一挡。除了汽油版，混动版的效能更让人感动，可惜它上不了北京新能源目录(作者曰，没车牌，空悲切)。<br/><br/>　　</p><p><img alt="2017广州车展轿车展望 跟SUV一样有看点" src="/upload/catcher/2017/1110/20171110061748-131547394689893128.jpg" complete="complete" oldsrc="W020171109361111046024.jpg" style="border: 0px;"/></p><p><br/><br/>　　最后要划重点了，全新凯美瑞将在广州车展开幕前夜正式上市，也就是说感兴趣的话，你很快就可以在全国的4S店买到这款新车了。售价到底多少？会不会有优惠，或是加价，真的更让人期待了。<br/><br/>　　长安全新逸动<br/><br/>　　重要指数：★★★★★<br/><br/>　　看点：长安汽车设计新高度<br/><br/>　　近年来中国自主品牌越发注重设计对产品的影响，第一时间抓住消费者眼球成为关键。在此之前，我们看到了上汽名爵6、吉利帝豪GL这样很出彩的轿车，这一次轮到长安全新逸动的表演时刻了。<br/><br/>　　</p><p><img alt="2017广州车展轿车展望 跟SUV一样有看点" src="/upload/catcher/2017/1110/20171110061749-131547394699277153.jpg" complete="complete" oldsrc="W020171109361112245202.jpg" style="border: 0px;"/></p><p><img alt="2017广州车展轿车展望 跟SUV一样有看点" src="/upload/catcher/2017/1110/20171110061749-131547394700840196.jpg" complete="complete" oldsrc="W020171109361113905694.jpg" style="border: 0px;"/></p><p><br/><br/>　　别说话，先看外观。第一眼看见全新逸动发布的官图，编辑部内小伙伴都惊呆了，国际化、动感大气，好看。而且，全新逸动不是一个人在战斗，稍早之前还有睿骋CC，也是相同的风格。但从市场定位来看，紧凑级家轿是更容易增长的点，全新逸动值得期待。<br/><br/>　　</p><p><img alt="2017广州车展轿车展望 跟SUV一样有看点" src="/upload/catcher/2017/1110/20171110061750-131547394703183365.jpg" complete="complete" oldsrc="W020171109361115858718.jpg" style="border: 0px;"/></p><p><img alt="2017广州车展轿车展望 跟SUV一样有看点" src="/upload/catcher/2017/1110/20171110061750-131547394706172414.jpg" complete="complete" oldsrc="W020171109361117946050.jpg" style="border: 0px;"/></p><p><br/><br/>　　外观细节，全新逸动的纺锤形一体式前格栅，辨识度高、气势十足，一点不比前面的全新凯美瑞要差，LED日行灯等时尚元素也必不可少。车身线条流畅，采用时下流行的溜背造型，比传统三厢轿车更有轿跑的感觉，并且不影响车内空间。车身尺寸4710/1820/1490mm，在同级别车型中算大的，2700mm轴距，嗯，不错。<br/><br/>　　</p><p><img alt="2017广州车展轿车展望 跟SUV一样有看点" src="/upload/catcher/2017/1110/20171110061750-131547394708673033.jpg" complete="complete" oldsrc="W020171109361119478895.jpg" style="border: 0px;"/></p><p><img alt="2017广州车展轿车展望 跟SUV一样有看点" src="/upload/catcher/2017/1110/20171110061750-131547394710773391.jpg" complete="complete" oldsrc="W020171109361121349875.jpg" style="border: 0px;"/></p><p><br/><br/>　　说到车内，好可惜新车的内饰目前还没有曝光，只能等到广州车展一探究竟了。从外观的高颜值可以预期内饰有大突破，而且自主品牌一向在配置上有亮点，这次全新逸动会给人怎样的惊喜呢？动力系统，目前已知的是1.6L自然吸气发动机，匹配手动或自动变速箱，会不会有新能源车型呢？这是另一个关注点。<br/><br/>　　捷豹XEL<br/><br/>　　重要指数：★★★★<br/><br/>　　看点：年轻人长大，逼死大哥的节奏<br/><br/>　　捷豹第二款国产车型即将到位，这次是更年轻一些的XEL，看见这个名字你就知道，这款车在XE的基础上又加长了轴距，而且有100mm之多，2935mm的轴距已经逼近更高级别的XFL。如此一来，更年轻、更动感，空间配置都不差的XEL，价格更实惠，更适合年轻人。本是同根生，相煎何太急啊！<br/><br/>　　</p><p><img alt="2017广州车展轿车展望 跟SUV一样有看点" src="/upload/catcher/2017/1110/20171110061751-131547394713741601.jpg" complete="complete" oldsrc="W020171109361123014234.jpg" style="border: 0px;"/></p><p><img alt="2017广州车展轿车展望 跟SUV一样有看点" src="/upload/catcher/2017/1110/20171110061751-131547394716356365.jpg" complete="complete" oldsrc="W020171109361124713948.jpg" style="border: 0px;"/></p><p><img alt="2017广州车展轿车展望 跟SUV一样有看点" src="/upload/catcher/2017/1110/20171110061751-131547394718335734.jpg" complete="complete" oldsrc="W020171109361125944693.jpg" style="border: 0px;"/></p><p><br/><br/>　　捷豹XEL搭载全新的Ingenium 2.0T发动机，并将提供高低两种功率可选，其中低功率版最大功率为200马力，高功率版最大功率为250马力。传动方面，所匹配的是8速手自一体变速器。配置方面，全景影像、ACC自适应巡航不会缺失，还有很显逼格的双天窗。<br/><br/>　　</p><p><img alt="2017广州车展轿车展望 跟SUV一样有看点" src="/upload/catcher/2017/1110/20171110061752-131547394723071174.jpg" complete="complete" oldsrc="W020171109361127701343.jpg" style="border: 0px;"/></p><p><img alt="2017广州车展轿车展望 跟SUV一样有看点" src="/upload/catcher/2017/1110/20171110061752-131547394726318414.jpg" complete="complete" oldsrc="W020171109361129347643.jpg" style="border: 0px;"/></p><p><br/><br/>　　从一开始捷豹XE发布，就有欧洲媒体表示，这是在抢占自家兄弟XF的市场，现在都是经过加长之后的车型，XEL又是要逼死XFL的节奏。其实，捷豹的这种产品策略是跟宝马学的，XEL得真正对手是3系Li、奔驰C级长轴和奥迪A4L。到底是怎样的结果？广州车展上正式发布的XEL，我们拭目以待。<br/><br/>　　日产聆风<br/><br/>　　重要指数：★★★★<br/><br/>　　看点：续航400公里电动车，将引入国产<br/><br/>　　广州车展前大概一个月的东京车展，日产正式发布了全新换代的聆风，相比上一代车型，续航里程、科技配置有明显提升。在中国市场，新能源汽车竞争激烈的环境下，日产聆风是合资品牌中纯电动车型的代表，虽然将来还会是以启辰晨风的身份引入，但也值得关注。<br/><br/>　　</p><p><img alt="2017广州车展轿车展望 跟SUV一样有看点" src="/upload/catcher/2017/1110/20171110061752-131547394727664039.jpg" complete="complete" oldsrc="W020171109361130867861.jpg" style="border: 0px;"/></p><p><img alt="2017广州车展轿车展望 跟SUV一样有看点" src="/upload/catcher/2017/1110/20171110061752-131547394729729603.jpg" complete="complete" oldsrc="W020171109361132496551.jpg" style="border: 0px;"/></p><p><br/><br/>　　造型上，全新一代聆风借鉴了IDS概念车的设计，前脸换上了日产最新的V-motion进气格栅，看起来精神了很多。黑色的车顶和A、B、C柱的设计，在浅色车身上形成了双色效果，时尚度很高。<br/><br/>　　车内的变化也很明显，比如使用全液晶仪表，方向盘为日产家族最新式样的三辐造型，中控台也有大尺寸触控液晶屏，但依然保留了很多实体按键，从实用性的角度出发，没有问题。<br/><br/>　　</p><p><img alt="2017广州车展轿车展望 跟SUV一样有看点" src="/upload/catcher/2017/1110/20171110061753-131547394732009465.jpg" complete="complete" oldsrc="W020171109361133750314.jpg" style="border: 0px;"/></p><p><img alt="2017广州车展轿车展望 跟SUV一样有看点" src="/upload/catcher/2017/1110/20171110061753-131547394735889780.jpg" complete="complete" oldsrc="W020171109361135291018.jpg" style="border: 0px;"/></p><p><br/><br/>　　从配置来看，日本市场的全新聆风具有ProPILOT自动驾驶系统，在高速公路上单车道行驶时实现加速、刹车和转向等操作。引入国内后是否还会提供，这是个关注点。<br/><br/>　　</p><p><img alt="2017广州车展轿车展望 跟SUV一样有看点" src="/upload/catcher/2017/1110/20171110061753-131547394737770441.jpg" complete="complete" oldsrc="W020171109361136920630.jpg" style="border: 0px;"/></p><p><br/><br/>　　聆风搭载了独有的日电子踏板(e-Pedal)技术，可以使驾驶员通过对单一踏板的操作，实现车辆在各种路况下的加速、减速及停车，驾驶员需手动切换单踏板模式。日产电子踏板(e-Pedal)可以完成驾驶员90%的操作，在拥挤的城市交通，大大减少切换油门刹车的频率，让驾驶变得更轻松<br/><br/>　　</p><p><img alt="2017广州车展轿车展望 跟SUV一样有看点" src="/upload/catcher/2017/1110/20171110061753-131547394739892833.jpg" complete="complete" oldsrc="W020171109361138335116.jpg" style="border: 0px;"/></p><p><br/><br/>　　电动车最值得关注的点还是续航力，全新聆风搭载了容量为40kWh的锂离子电池组，在JC08工况下的续航里程可达400km。拿到国内市场，400+续航的纯电动车很快成为市场主流，聆风的到来应该会遇到很多竞争。<br/><br/>　　宝马6系GT<br/><br/>　　重要指数：★★★★<br/><br/>　　看点：给你一个不买5系、5系旅行、X5的理由<br/><br/>　　宝马6系GT在此之前是归在5系之下，全新换代之后，为了彰显GT车型的个性，提升了一个级别。但本质上这款车的定位并没有改变，依然是一款四门掀背轿跑车。虽然如此，宝马官方认为6系GT还有一个更重要的意义——负责提升宝马品牌的美学价值。也许有人会觉得它很另类，但也可以理解为这样更美妙，它让一些原本想要购买5系、5系旅行或X5的人，转投旗下。<br/><br/>　　</p><p><img alt="2017广州车展轿车展望 跟SUV一样有看点" src="/upload/catcher/2017/1110/20171110061754-131547394741850701.jpg" complete="complete" oldsrc="W020171109361140017127.jpg" style="border: 0px;"/></p><p><img alt="2017广州车展轿车展望 跟SUV一样有看点" src="/upload/catcher/2017/1110/20171110061754-131547394745093470.jpg" complete="complete" oldsrc="W020171109361141994454.jpg" style="border: 0px;"/></p><p><img alt="2017广州车展轿车展望 跟SUV一样有看点" src="/upload/catcher/2017/1110/20171110061754-131547394747739280.jpg" complete="complete" oldsrc="W020171109361144096603.jpg" style="border: 0px;"/></p><p><br/><br/>　　在5系、7系相继换代之后，宝马6系GT也到来了，同样是基于CLAR平台，在性能参数、科技配置上，这几款车非常接近，让人难以取舍。那么最大的不同就在于设计和观感了，从车顶到车身腰线，从雕塑感的流线到力量感的直线，这就是你需要那辆豪华且独具一格的汽车。<br/><br/>　　</p><p><img alt="2017广州车展轿车展望 跟SUV一样有看点" src="/upload/catcher/2017/1110/20171110061754-131547394750377260.jpg" complete="complete" oldsrc="W020171109361146038738.jpg" style="border: 0px;"/></p><p><img alt="2017广州车展轿车展望 跟SUV一样有看点" src="/upload/catcher/2017/1110/20171110061755-131547394753411667.jpg" complete="complete" oldsrc="W020171109361148247426.jpg" style="border: 0px;"/></p><p><br/><br/>　　作为一款GT车型，在强调美感的同时，实用性也不能差，优雅与豪华也在内饰与空间的设计间得到了充分显露。除了宽大的内部乘坐空间外，行李厢容积比5系GT增加了110升，达到610升，即便坐满人长途旅行，也可以轻松放下更多行李。<br/><br/>　　</p><p><img alt="2017广州车展轿车展望 跟SUV一样有看点" src="/upload/catcher/2017/1110/20171110061755-131547394755931845.jpg" complete="complete" oldsrc="W020171109361150200091.jpg" style="border: 0px;"/></p><p><img alt="2017广州车展轿车展望 跟SUV一样有看点" src="/upload/catcher/2017/1110/20171110061755-131547394758252192.jpg" complete="complete" oldsrc="W020171109361152402360.jpg" style="border: 0px;"/></p><p><img alt="2017广州车展轿车展望 跟SUV一样有看点" src="/upload/catcher/2017/1110/20171110061755-131547394760532444.jpg" complete="complete" oldsrc="W020171109361154482284.jpg" style="border: 0px;"/></p><p><br/><br/>　　性能是宝马所有车型都不能缺少的，引入国内的6系GT有630i和640i两款，分别搭载了2.0T四缸和3.0T直列六缸的B系列发动机，与之匹配的均为8速自动变速器。毋庸置疑，640i肯定是极致的选择，但入门级的630i已经完全够用，6.3秒百公里加速，悬挂与制动的平衡表现，都让长途旅行变得异常轻松。<br/><br/>　　宝马530Le<br/><br/>　　重要指数：★★★<br/><br/>　　看点：更环保的行政级轿车，全球首发<br/><br/>　　全新宝马5系在国内推出之后，常规动力的530Li和540Li表现让人满意，作为BBA中最新换代的车型，综合实力超越对手。但是，还有一点需要考虑，那就是环保节能，所以需要一辆530Le插电混动车型，来展现宝马的态度。要知道这已经是第二代国产530Le，在纯电巡航等方面均有显著提高，因为长轴距版5系插电混动专供中国，此次也是全新530Le全球首发。<br/><br/>　　</p><p><img alt="2017广州车展轿车展望 跟SUV一样有看点" src="/upload/catcher/2017/1110/20171110061756-131547394763605410.jpg" complete="complete" oldsrc="W020171109361156518852.jpg" style="border: 0px;"/></p><p><img alt="2017广州车展轿车展望 跟SUV一样有看点" src="/upload/catcher/2017/1110/20171110061756-131547394766869778.jpg" complete="complete" oldsrc="W020171109361158298159.jpg" style="border: 0px;"/></p><p><br/><br/>　　宝马530Le在外观上与常规动力的宝马新5系如出一辙，但外观和内饰都有细节处的特点，以彰显其新能源车的身份，比如前翼子板iPerformance的logo和车侧的充电接口。<br/><br/>　　</p><p><img alt="2017广州车展轿车展望 跟SUV一样有看点" src="/upload/catcher/2017/1110/20171110061756-131547394769032970.jpg" complete="complete" oldsrc="W020171109361160155780.jpg" style="border: 0px;"/></p><p><img alt="2017广州车展轿车展望 跟SUV一样有看点" src="/upload/catcher/2017/1110/20171110061756-131547394770912494.jpg" complete="complete" oldsrc="W020171109361161502709.jpg" style="border: 0px;"/></p><p><img alt="2017广州车展轿车展望 跟SUV一样有看点" src="/upload/catcher/2017/1110/20171110061757-131547394772312799.jpg" complete="complete" oldsrc="W020171109361163284930.jpg" style="border: 0px;"/></p><p><br/><br/>　　动力方面，新车将搭载一套由低功率版B48 2.0T发动机和电动机组成的插电混动系统，综合最大功率为185kW(252Ps)，峰值扭矩420Nm。电池则搭载由宁德时代提供的容量为9.2kWh锂电池组，纯电动模式下极速为140km/h，最大续航里程为45km。<br/><br/>　　宾利欧陆GT<br/><br/>　　重要指数：★★★<br/><br/>　　看点：顶级豪华GT跑车，同步引入国内。<br/><br/>　　都叫GT，但这个GT跟上面的GT并不一样。宾利欧陆GT，顶级豪华品牌的大型双门跑车，几个月前刚刚在法兰克福车展上首发亮相，这么快在广州就见到了，可见中国豪车市场依然前景大好。富豪们除了选择超跑，也可以考虑这样GT跑车，可以很快，但依然很舒服。<br/><br/>　　</p><p><img alt="2017广州车展轿车展望 跟SUV一样有看点" src="/upload/catcher/2017/1110/20171110061757-131547394774246113.jpg" complete="complete" oldsrc="W020171109361164586143.jpg" style="border: 0px;"/></p><p><img alt="2017广州车展轿车展望 跟SUV一样有看点" src="/upload/catcher/2017/1110/20171110061757-131547394776735750.jpg" complete="complete" oldsrc="W020171109361166264928.jpg" style="border: 0px;"/></p><p><br/><br/>　　全新欧陆GT的整体造型设计充分地借鉴了之前EXP 10 Speed 6概念车以及添越的元素，与现款车型相比新车的变化主要集中在前脸和尾部，车头两侧的水滴形大灯采用了多点式照明效果，具有极高的辨识度。一句话，全新欧陆GT散发出强烈的高贵气场。<br/><br/>　　</p><p><img alt="2017广州车展轿车展望 跟SUV一样有看点" src="/upload/catcher/2017/1110/20171110061757-131547394778586884.jpg" complete="complete" oldsrc="W020171109361167804119.jpg" style="border: 0px;"/></p><p><img alt="2017广州车展轿车展望 跟SUV一样有看点" src="/upload/catcher/2017/1110/20171110061757-131547394780617625.jpg" complete="complete" oldsrc="W020171109361169450403.jpg" style="border: 0px;"/></p><p><br/><br/>　　最惊艳的无疑是采用了行业首创的“宾利三面翻转中控面板”(Bentley Rotating Display)。当座驾启动的那一刻，仪表板中央饰面无声滑动翻转，将“隐形”的12.3英寸数字多媒体交互视网膜显示屏(MMI)显现出来。三面旋转简洁直观，一目了然。<br/><br/>　　</p><p><img alt="2017广州车展轿车展望 跟SUV一样有看点" src="/upload/catcher/2017/1110/20171110061758-131547394782857307.jpg" complete="complete" oldsrc="W020171109361171508738.jpg" style="border: 0px;"/></p><p><img alt="2017广州车展轿车展望 跟SUV一样有看点" src="/upload/catcher/2017/1110/20171110061758-131547394785254459.jpg" complete="complete" oldsrc="W020171109361173437650.jpg" style="border: 0px;"/></p><p><br/><br/>　　动力源自全新6.0升双涡轮增压W12 TSI发动机，与双离合八速变速箱紧密配合，0-100公里加速3.7秒，最高时速333公里/小时。先进的48伏主动式侧倾控制系统“宾利动态驾驶”(Bentley Dynamic Ride)，可控制并调节每个防倾杆的电动执行器，从而提高精准的操控性与驾乘舒适性。<br/><br/>　　捷豹XFSportbrake<br/><br/>　　重要指数：★★★<br/><br/>　　看点：美观且实用，XF用另一种方式杀回来<br/><br/>　　在上面说国产捷豹XEL似乎将了大哥XFL一军，如果是一板一眼的三厢轿车，那我推荐选更年轻的XEL，但是这次轮到XF反击了，或者说用另一种方式解决家族内部太过相似的矛盾。那就是旅行车，捷豹XF Sportbrake将在广州车展首发，这是一个正在中国快速崛起的车型市场，美观且实用，而且还有一定品位、逼格的成分。<br/><br/>　　</p><p><img alt="2017广州车展轿车展望 跟SUV一样有看点" src="/upload/catcher/2017/1110/20171110061758-131547394787313023.jpg" complete="complete" oldsrc="W020171109361175076565.jpg" style="border: 0px;"/></p><p><img alt="2017广州车展轿车展望 跟SUV一样有看点" src="/upload/catcher/2017/1110/20171110061758-131547394789031086.jpg" complete="complete" oldsrc="W020171109361176737201.jpg" style="border: 0px;"/></p><p><br/><br/>　　其实，还得从市场竞争说起，捷豹XF Sportbrake的竞争对手是宝马5系旅行、奥迪A6Avant以及沃尔沃V90CC这样的车型。在这几款旅行车中，德系两款车都是一本正经的旅行车，沃尔沃则是跨界风格的，相比之下XF Sportbrake是最优雅、最动感的一员，说美貌动人一点不为过。<br/><br/>　　</p><p><img alt="2017广州车展轿车展望 跟SUV一样有看点" src="/upload/catcher/2017/1110/20171110061759-131547394791062352.jpg" complete="complete" oldsrc="W020171109361178406724.jpg" style="border: 0px;"/></p><p><img alt="2017广州车展轿车展望 跟SUV一样有看点" src="/upload/catcher/2017/1110/20171110061759-131547394793639674.jpg" complete="complete" oldsrc="W020171109361180022371.jpg" style="border: 0px;"/></p><p><br/><br/>　　XF Sportbrake采用了捷豹最新的家族式设计语言，车身线条更加流畅，运动效果大幅度提升。尾部造型十分饱满，尾灯尺寸也要大于轿车版，灯腔内部结构借鉴了F-TYPE车型的设计元素，点亮后极具辨识度。<br/><br/>　　</p><p><img alt="2017广州车展轿车展望 跟SUV一样有看点" src="/upload/catcher/2017/1110/20171110061759-131547394796139710.jpg" complete="complete" oldsrc="W020171109361182227794.jpg" style="border: 0px;"/></p><p><img alt="2017广州车展轿车展望 跟SUV一样有看点" src="/upload/catcher/2017/1110/20171110061759-131547394798895219.jpg" complete="complete" oldsrc="W020171109361184010698.jpg" style="border: 0px;"/></p><p><br/><br/>　　车内部分，全液晶仪表和中控大尺寸多媒体显示屏有效提升了新车的科技感。而旋钮周围采用的木纹饰板则为新车营造出不俗的豪华质感。作为一款旅行车，内部空间自然是值得一提的，新车的后备箱容积为550升，当后排座椅放倒之后容积则拓展为1675升。此外，新车还配备了超大尺寸的全景天窗，这才是最吸引人的。</p><p><br/></p>','0','19','news','2017-11-10 06:18:25'),
('16','37','','<p>历数各大车企，几乎每一家总有那么一款或者几款“销量担当”，在过去，它们以轿车居多，比如老三样、新三样，而今天，它们以SUV居多，比如哈弗H6、传祺GS4、别克昂科威、大众途观L、长安CS75等等，总之，市场的风口在哪里，明星车型就会扎堆在哪一个领域。</p><p>昨天我们介绍了广州车展的几款重量级轿车，今天介绍SUV，虽然它们只是众多SUV里的一小部分，并且可能也不是未来市场上的明星，但是，它们的到来对于其品牌而言，都是极其重要的。</p><p>全新保时捷卡宴</p><p>第三代卡宴将在广州车展上正式上市，其外观较上一代有了显著的变化。关于这款车，保时捷官方是这样说的：“我们的首要任务就是着重强调车型的个性，使其更符合保时捷美学，从而成为更为经典的一代Cayenne车型。全新Cayenne的设计更为精准，优雅，运动且极富表现力。”</p><p><img src="/upload/catcher/2017/1110/20171110062027-131547396276381273.jpeg" style="border: 0px; margin: 10px auto 0px; padding: 0px; display: block; height: auto;"/></p><p>此前首发两款车型分别搭载两款新开发的6缸发动机：Cayenne搭载3.0升涡轮增压发动机，最大马力为340 Ps，比前代车型增加了7 Ps；Cayenne S搭载2.9升V6双涡轮增压发动机，最大马力为440 Ps，比前代车型增加了20 Ps，最高时速达265 km/h。</p><p>马自达CX-3</p><p>马自达CX-3定位小型SUV车型，采用马自达全新的家族式设计风格。新车长宽高为4275*1765*1550mm，轴距为2570mm。将在广州车展上以进口的身份登陆国内市场！</p><p><img src="/upload/catcher/2017/1110/20171110062027-131547396277763642.jpeg" style="border: 0px; margin: 10px auto 0px; padding: 0px; display: block; height: auto;"/></p><p>配置方面，从最新消息来看，马自达CX-3中配车型将搭载自动启/停、倒车影像、自动空调、MZD connect、6气囊、一键启动等常用配置；高配车型则额外搭载无钥匙进入、定速巡航、HUD抬头显示、盲点监测、18寸轮圈等。动力方面，马自达CX-3将搭载2.0L SKYACTIV-G汽油发动机，最大马力为146Ps，峰值扭矩197N·m，匹配6MT或6AT。</p><p>沃尔沃全新XC60</p><p>全新一代国产沃尔沃XC60采用最新的家族式设计，前脸造型更为凶悍，“雷神之锤”的LED前大灯组具有较高的辨识度。尾部同样配备了最新的“维京之斧”的尾灯设计。全新XC60长宽高为4688*1902*1658mm，轴距2865mm。</p><p><img src="/upload/catcher/2017/1110/20171110062027-131547396278997560.jpeg" style="border: 0px; margin: 10px auto 0px; padding: 0px; display: block; height: auto;"/></p><p>配置方面，新车将提供12.3英寸液晶仪表、HUD平视显示系统、主动式LED大灯、转向辅助灯、车内空气质量控制系统、BowersWilkins宝华韦健音响等。同时配备紧急避让辅助系统、升级版City Safety城市安全系统以及车道偏离系统等。动力方面，前期会提供T5（2.0T）和T8（2.0T插电混动）车型供消费者选择，前者最大马力254Ps，峰值扭矩350N·m；后者最大马力407Ps，峰值扭矩640N·m，0-100km/h加速时间5.3秒。</p><p>吉利S1</p><p>作为一款跨界型SUV，吉利S1首先在外观上就已经颠覆了。下格栅的设计是其最大的亮点，采用全贯穿式设计，比上格栅的设计还夸张，直接延伸至翼子板下侧，这样的设计非常有气势。车身侧面的设计比较小巧，新车的长宽高为4465*1800*1535mm，轴距2668mm。花瓣造型的轮圈造型设计，很有个性。</p><p><img src="/upload/catcher/2017/1110/20171110062027-131547396279839022.jpeg" style="border: 0px; margin: 10px auto 0px; padding: 0px; display: block; height: auto;"/></p><p>动力上，新车将提供1.4T和1.5L两款发动机，1.4T的最大马力为130Ps，1.5L的最大马力为100Ps，同时匹配5速手动和CVT变速箱。</p><p>观致Model Young</p><p>Model Young是观致品牌推出的一款全新车型，也是全新系列中的第一款车型。从名称上我们就很容易看出，这台车服务于年轻消费人群。按照观致的现状来看，这台Model Young有着很大的战略意义，毕竟观致已经再也经受不起重大打击了。</p><p><img src="/upload/catcher/2017/1110/20171110062027-131547396280523141.jpeg" style="border: 0px; margin: 10px auto 0px; padding: 0px; display: block; height: auto;"/></p><p>根据品牌和车型的定位来看，观致Model Young在定价上肯定会高于奇瑞瑞虎7并且略低于自家的观致5。未来观致Model Young的最终售价区间很有可能在10-16万之间。动力总成方面，观致Model Young没有表现出太多新意，依旧使用的是奇瑞瑞虎7上面的那台1.5T发动机，根据匹配变速箱类型的不同，在动力参数上有轻微变化。</p><p>华晨中华V6</p><p>越来越小众的华晨中华终于要出新车了！这款车的前脸采用了直瀑式进气格栅，T字型哑光饰条搭配中央的中华LOGO，使它具有较高的辨识度。车身方面，其侧面采用双腰线设计，其中一条腰线从前轮凸起的轮拱贯穿至后侧尾灯组。</p><p><img src="/upload/catcher/2017/1110/20171110062028-131547396281362669.jpeg" style="border: 0px; margin: 10px auto 0px; padding: 0px; display: block; height: auto;"/></p><p>尺寸方面，长宽高为4620*1922*1734mm，轴距2725mm。内饰采用双色拼接风格，中控台使用了大尺寸液晶屏，仪表盘中同样配备了液晶屏幕，能够显示丰富的信息。配置方面，新车将提供主驾驶电动座椅调节、前排座椅加热、外后视镜电动折叠、双区自动空调、360°影像系统、7寸TFT仪表盘、19英寸轮圈等。据悉，中华V6先期将推出1.5T车型，最大马力152Ps，匹配6MT与7速DSG。未来还会推出2.0L自吸发动机车型。</p><p>启辰T70</p><p>T70是东风启辰旗下紧凑型SUV，目前在售车型提供1.6L和2.0L发动机，根据产品规划，其新款车型将于广州车展上市。外观方面，新车前脸换装大尺寸蜂窝双横幅进气格栅，整体提升辨识度。动力方面，新款T70除了提供1.6L和2.0L发动机外，还将增搭全新1.4T发动机。</p><p><img src="/upload/catcher/2017/1110/20171110062028-131547396282583708.jpeg" style="border: 0px; margin: 10px auto 0px; padding: 0px; display: block; height: auto;"/></p><p>动力方面，新车将搭载1.6L、2.0L和1.4T三款不同排量发动机。其中，1.6L发动机最大马力116Ps，峰值扭矩154N·m；2.0L发动机最大马力140Ps，峰值扭矩198N·m；1.4T发动机最大马力135Ps；匹配6MT或CVT。</p><p><br/></p>','0','19','news','2017-11-10 06:20:34'),
('17','38','','<p>“妈妈”一个温馨而甜蜜的词，总是会伴随着许多美好的回忆。如果有一个戏精妈妈，那是什么感觉？看看下面这些，你大概会知道。</p><p><img src="/upload/catcher/2017/1111/20171111093658-131548378188605939.jpeg" img_width="625" img_height="932" alt="有个很逗的老妈是什么体验？浑身都是戏" inline="0" style="-webkit-tap-highlight-color: transparent; box-sizing: border-box; border-style: none; display: block; margin: 10px auto;"/></p><p><img src="/upload/catcher/2017/1111/20171111093659-131548378191126082.jpeg" img_width="625" img_height="1358" alt="有个很逗的老妈是什么体验？浑身都是戏" inline="0" style="-webkit-tap-highlight-color: transparent; box-sizing: border-box; border-style: none; display: block; margin: 10px auto;"/></p><p><img src="/upload/catcher/2017/1111/20171111093659-131548378194765015.jpeg" img_width="625" img_height="1326" alt="有个很逗的老妈是什么体验？浑身都是戏" inline="0" style="-webkit-tap-highlight-color: transparent; box-sizing: border-box; border-style: none; display: block; margin: 10px auto;"/></p><p><img src="/upload/catcher/2017/1111/20171111093659-131548378199542808.jpeg" img_width="625" img_height="1554" alt="有个很逗的老妈是什么体验？浑身都是戏" inline="0" style="-webkit-tap-highlight-color: transparent; box-sizing: border-box; border-style: none; display: block; margin: 10px auto;"/></p><p><img src="/upload/catcher/2017/1111/20171111093700-131548378201595573.jpeg" img_width="625" img_height="1695" alt="有个很逗的老妈是什么体验？浑身都是戏" inline="0" style="-webkit-tap-highlight-color: transparent; box-sizing: border-box; border-style: none; display: block; margin: 10px auto;"/></p><p><img src="/upload/catcher/2017/1111/20171111093700-131548378203512065.jpeg" img_width="625" img_height="1683" alt="有个很逗的老妈是什么体验？浑身都是戏" inline="0" style="-webkit-tap-highlight-color: transparent; box-sizing: border-box; border-style: none; display: block; margin: 10px auto;"/></p><p><img src="/upload/catcher/2017/1111/20171111093700-131548378206037672.jpeg" img_width="625" img_height="1222" alt="有个很逗的老妈是什么体验？浑身都是戏" inline="0" style="-webkit-tap-highlight-color: transparent; box-sizing: border-box; border-style: none; display: block; margin: 10px auto;"/></p><p><img src="/upload/catcher/2017/1111/20171111093700-131548378207649840.jpeg" img_width="625" img_height="977" alt="有个很逗的老妈是什么体验？浑身都是戏" inline="0" style="-webkit-tap-highlight-color: transparent; box-sizing: border-box; border-style: none; display: block; margin: 10px auto;"/></p><p>哈哈哈哈，一个个都是戏精，绝对是亲妈本人无误。妈妈逗起来，真的没我们什么事了！</p><p><br/></p>','0','22','news','2017-11-11 09:40:05'),
('18','41','十连胜凯尔特人当NBA老大，你晕吗？','<p>在昨日进行的一场NBA（美职篮）常规赛中，波士顿凯尔特人队主场107 96战胜洛杉矶湖人队，豪取十连胜之后领跑全联盟。1</p>','0','16','news','2017-12-02 01:35:41'),
('19','42','中小学国防知识竞赛临沂获得最佳组织奖','<p>28日,记者从市教育局获悉,在山东省教育厅组织的“山东新华杯”中小学国防知识竞赛中,临沂市以总分第一名的成绩获得最佳组织奖,以第1名的成绩获得小学组团体一等奖、以第2名的成绩获得高中组团体一等奖、以第5名的成绩获得初中组团体二等奖。</p><p>据了解,11月24日—27日,由山东省教育厅组织的“山东新华杯”中小学国防知识竞赛在济南市世纪园国防教育基地隆重举行。经过3天的激烈角逐,临沂第三实验小学高义品,莒南县第一实验小学鲁俊川,临沭县实验小学郇俊豪,费县杏坛小学张世豪,临沂第二十四中学徐明慧、陈晓彤、周颢,临沂外国语学校张一等同学获得个人一等奖；临沂第三十九中学张昊冉,沂水县第二中学吴天瑞、刘苏瑶,临沂第二十九中学王慧等同学获得个人二等奖；临沂第三十九中学陈娟、临沂第二十四中学郑成胜、临沂第三实验小学李崇芳等老师获得最佳指导教师奖。</p><p>据悉,2017年“山东新华杯”中小学国防知识竞赛旨在强化军魂教育,培养和增强学生的国防意识和国防观念,以实际行动庆祝党的十九大胜利召开。全省共有17支代表队204名选手、68名指导教师参加比赛。比赛通过笔试、现场答题、现场抽题即兴演讲的方式进行。</p>','0','15','news','2017-12-01 11:06:05'),
('20','43','中国马拉松的非洲淘金客：穿4块钱凉鞋夺3冠','<p>总是一道黑影最先冲过终点线。</p><p>11月18日，宿州国际半程马拉松赛，肯尼亚选手Josphat第一个抵达终点。</p><p>　　<br/><img src="/upload/catcher/2017/1201/20171201111638-131565717988348399.jpeg" max-width="600" style="border: 0px; margin: 0px auto; padding: 0px; display: block; height: auto;"/><br/><br/></p><p><img src="/upload/catcher/2017/1201/20171201111638-131565717988917697.jpeg" max-width="600" style="border: 0px; margin: 10px auto 0px; padding: 0px; display: block; height: auto;"/></p><p>10月29日，嵩山少林寺马拉松，埃塞俄比亚选手阿莫尼穿着一双蓝色凉鞋拿到第一名。</p><p>名单可以延伸很长，冠军全是黑色面孔。这是因为，中国马拉松爱好者眼里重在参与的比赛，对于非洲选手来说，奖金是他们的饭碗，唯一经济来源。</p><p>这笔奖金在他们的家乡是一笔丰厚的财富。中国最普通的一场马拉松比赛，1万元人民币的奖金，在肯尼亚，相当于工薪阶层月薪的三至四倍，能够追平医生、律师等少数高薪职业的收入。</p><p>他们是一群来自肯尼亚、埃塞俄比亚的跑者。像一群候鸟，在马拉松比赛发令枪响之前，从非洲大陆飞来中国。</p><p>跑步是与生俱来的天赋，他们利用这项天赋，改善生活，甚至改变命运。</p><p>中国马拉松的非洲“黑”中介，唯一的黑人经纪人——欧辰，目前服务着他的300位非洲兄弟，他们都是高水平的长跑运动员。欧辰希望，通过自己的平台，让更多的运动员走出非洲，来中国参加比赛。</p><p>飞1万公里来“淘金”</p><p>等待发令枪响时，穿着蓝色T恤的Josphat不在队伍的最前方，而是站在荧光绿背心的选手之后。1小时7分钟后，蓝衣最先出现在终点。</p><p>这是Josphat第一次来中国，今年他36岁。</p><p>他是一个典型的马拉松全球淘金客，来中国之前，足迹已遍布欧洲多个国家。他低头掰着手指数着：德国、捷克、西班牙、波兰……</p><p>Josphat记得，他的第一场比赛是在肯尼亚国内，获得第四名，奖金大约1万多元人民币。他很开心，在高手云集的肯尼亚，这是一个值得称道的好名次。</p><p>从2002年至今，Josphat已是不折不扣的老将，他一直保持着高水平，参加的马拉松比赛，几乎都有斩获。</p><p>由于实力出众，在欧洲的许多马拉松赛事中，他都被主办方邀请为领跑者。一次领跑会给他带来3000欧元的收入。</p><p>在欧洲赛场辗转多年的Josphat，去年通过欧洲的经纪人找到欧辰，表达了来中国参加比赛的意愿。</p><p>非洲大陆东岸距离中国上海约1万公里，需要经过15个小时的长途飞行。第一次来中国，Josphat感觉非常舒服。</p><p>“中国的比赛很多，欧洲的比赛太少了。”Josphat谈到他来中国参赛的原因，“如果愿意的话，差不多每个星期都能跑一次”。</p><p>中国马拉松呈现出爆发式增长的态势。2017年预计将有500场以上的马拉松赛事，而2015年，这个数字还仅仅停留在134场。</p><p>11月18日，宿州国际半程马拉松赛，他夺冠并获得1万元奖金。而六天之前，11月12日的台州国际马拉松，Josphat在中国的第一场比赛，成绩是第二名，奖金同样是1万元。</p><p>相比而言，Dairus的马拉松资历还比较浅，只有五年，但实力同样不俗。</p><p>在洪泽湖国际马拉松赛与巴彦淖尔国际马拉松赛道上，Dairus均是获得全程组第二名，奖金分别是人民币15000元和12000元。</p><p>Dairus的个子很高，两条大长腿，浓密的胡须覆盖了面颊。他戴着黑色帽子、穿着红色的休闲裤，比其他运动员看起来时尚很多。</p><p>“虽然很多中国人不会说英文，但是他们很想和我沟通，我很开心。”Dairus说他很喜欢中国，他觉得中国人善良友好。</p><p>穿4块钱的凉鞋拿下3个冠军</p><p>回国前一天，Dairus躺在床上，比赛结束后的疲惫，使他快睡着了，跑步鞋凌乱地摆放在床边。</p><p>Dairus现在穿的是Nike品牌的专业跑步鞋。而在5年前，这是他不敢奢求的。那时刚刚跑步，没有收入，鞋子是一件奢侈品，“太贵了”。</p><p>在肯尼亚，买不起装备是很多运动员面临的状况，只能彼此之间互相帮助。Dairus同样是得到朋友的资助。“如果朋友有几双鞋子，会给你一双”。</p><p>经济窘迫曾经击碎了他的梦想。在跑步之前，他曾是一名大学生，专业是计算机科学，这是他的兴趣所在，但是没有毕业便辍学了。</p><p>放弃学业，捡起天赋，Dairus开始跑步训练。和其他马拉松运动员一样，Dairus相信，跑步是他们与生俱来的天赋。</p><p>Dairus来自肯尼亚西北部的埃尔多雷特，这个海拔2400米的高原之城，是肯尼亚乃至世界最著名的长跑之乡，这里曾经诞生了40多名世界级长跑冠军。</p><p>擅长跑步，以跑步为生，脚下的天赋承载着他们的光荣与梦想，成为许多人改变贫困的唯一机会。</p><p>阿莫尼火了，他被中国网友尊称为“凉鞋哥”。</p><p>这名来自埃塞俄比亚的选手，在10月22日的靖远半程马拉松、10月29日的嵩山少林寺全程马拉松以及11月5日的榆阳·东沙新区马拉松比赛中，都拿到了冠军。</p><p>让人们错愕的是，他全程穿着一双蓝色凉鞋完成比赛。这双泡沫凉鞋鞋底已泛白，金属搭扣满是黄色锈迹，已经损坏。在比赛中，阿莫尼一双大脚紧紧地包裹在凉鞋中，无需搭扣的牢固。</p><p>第一次踏上中国的赛道，阿莫尼在一个月的时间里，先后参加了中国五个城市的比赛，拿到三个冠军、一个季军、一个第五名，累计赢得奖金48000元人民币。</p><p>回到上海的住处，阿莫尼把“蓝色战靴”放在床头柜。这双在家乡购买的凉鞋其实“Made in China”，价格换算成人民币约4元钱。</p><p>消失的经纪人和奖金</p><p>这条新开辟的淘金之路，非洲运动员最初跑起来并不容易，时常暗藏欺诈。</p><p>Jackson走起路一瘸一拐，他在11月19日防城港开跑的马拉松比赛中获得第三名。未来的一周时间，他还将参加两场比赛。</p><p>经过慎重考虑，Jackson决定第二次来中国淘金。但除了欧辰，他再也不敢相信其他经纪人。</p><p>时间过去了9个月，Jackson对首次来中国的遭遇依旧不能释怀。他随身带着海南马拉松比赛颁发的金色奖牌和名次证明，比赛时佩戴的A3315号码牌已经被折出深深的印痕。</p><p>通过一位名叫“安迪”的中国经纪人，他报名参加了2月26日海南(三亚)国际马拉松比赛。</p><p>这是一段糟糕的经历。经纪人带着他从南京出发，坐普通火车，在路上耗时四天四夜，才到达三亚，Jackson回忆前往海南所吃的苦头，情绪非常激动。</p><p>2小时15分，Jackson的成绩排名第四，奖金是3500美元。</p><p>不过，随后经纪人“安迪”消失了，Jackson的奖金也消失了。一张白色纸条上留下的手机号码再也无人接听。</p><p>“这是很大一笔钱”，他希望有人能够帮助他找到这名消失的经纪人，拿回他的奖金。</p><p>随着中国马拉松赛事的增多，更多非洲运动员愿意来碰碰运气。有门路的中国人从中发现商机，帮忙搭桥牵线，做起了经纪人。</p><p>这是一种契约关系。赛事的主办方将奖金交给经纪人，由经纪人转交运动员，经纪人的回报是运动员的奖金提成。此外，有些比赛需要外籍优秀运动员“撑场面”，经纪人从中赚取邀请费。</p><p>但信任有时是脆弱的。在异国他乡的土地上，经纪人握着非洲运动员的钱袋。由于缺乏约束，运动员只是他们挣钱的工具，一些见钱眼开的经纪人，卷走全部奖金，消失了。</p><p>2016年3月，肯尼亚运动员罗伯特(化名)拨通了欧辰的电话说：“我现在在你们学校门口。”</p><p>欧辰懵了，因为他并不认识电话那头的人，“我不知道他怎么找到我们学校，怎么有我的电话”。</p><p>见面以后，罗伯特说，他是来参加比赛的，但是飞到上海以后，原先的中国经纪人变卦了，让他自己解决交通和食宿，举目无亲的罗伯特只能求助于上海的非洲老乡。</p><p>300兄弟信赖的“黑”中介</p><p>“有很多优秀的运动员，他们跑得非常好，但有些人因为没有机会参加比赛，一辈子都在训练，没人看上他们。”</p><p>在上海大学的校园里，欧辰是一名非洲留学生。他的人缘很好，是非洲留学生会的主席，很多留学生和他热情地打招呼。</p><p>校园之外，欧辰的身份是马拉松经纪人，目前中国唯一的黑人经纪人，自称是“黑”中介。他解释说，是为黑人运动员服务的中介。“他们不止是我的运动员，也是我的兄弟。”</p><p>经过三年的发展，这位“黑”中介拥有300名的非洲运动员。Josphat、Dairus、“凉鞋哥”都是他的运动员，每年等候他的通知，来中国参加比赛。</p><p>欧辰的家乡也是在埃尔多雷特，深知同胞们的艰难。“在肯尼亚，跑步的竞争非常激烈。一年只有十几场马拉松比赛，很少人能够拿到奖金，所以有些人会选择出国参加比赛。”</p><p>“因为我现在在中国，我希望利用这个平台，帮助他们改变自己的生活。”在欧辰看来，为有天赋的运动员打开一条赚取财富的通道，是使命和目标。</p><p>作为经纪人，欧辰的工作是联系中国的马拉松组委会，介绍非洲运动员参加比赛，帮他们填报名表、买机票、安排食宿。运动员获奖后，他可以获得15%的奖金分成。</p><p>上海大学西门附近的隆阳商务宾馆，是这群非洲淘金客的中转站。一年中的多数时间，这里都住着黑人运动员，少则五六人，多则二十余人。</p><p>一个标间，两名运动员。房间不大，过道上散乱摆放着行李。背包里通常装着比赛服、跑步鞋，有些运动员还带有家乡特产，比如肯尼亚的茶叶。</p><p>非洲兄弟获得了好成绩，是欧辰最有成就感的时刻。11月19日的防城港马拉松，欧辰的运动员包揽了前三名，其他赛事的运动员也都获得了很好的名次。</p><p>在床头的柜子或者正前方的桌子上，形状各异的金色奖杯还没有收起，在凌乱的房间里格外显眼。</p><p>奖金、大房子和精神高压</p><p>当脚下的天赋兑换成奖金，许多人的生活彻底改变了。</p><p>欧辰记得，一个运动员，最开始连办签证的钱都没有，来中国跑了两次马拉松以后，回肯尼亚的市中心买地盖了房子。</p><p>不同于中国的马拉松信徒，虽然都是奔赴各地参加比赛，但目标完全不同。就像一场考试，中国信徒的追求多是完成比赛的及格成绩，Dairus等非洲运动员的目标则是名次和奖金。</p><p>跑步是Dairus全部的收入来源。Dairus也会去欧洲参加比赛，过去的四场比赛，挣了将近1万欧元。</p><p>在赛道上奔跑的时候，Dairus满脑子想的都是怎么跑得更好、怎么拿到冠军。冠军意味着高额的奖金，以中国目前奖金最高的上海马拉松为例，冠军奖金高达4.5万美金。</p><p>在肯尼亚，人均月收入大约4000元人民币。工程师、医生、律师是少数的高收入群体，工薪阶层的月收入不足3000元人民币。而中国普通的一场马拉松比赛，奖金约1万元人民币，相当于肯尼亚工薪阶层月薪的三至四倍。</p><p>“优秀选手一年收入差不多有10万美金，算是非常高的收入了。”欧辰比较说，在肯尼亚市中心，买一块250平方米的地大约需要10万美金。很多人贷款几十年才能买得起，这些运动员只需要跑一年就可以。</p><p>“跑步是支持家里，为了家里生活得更好”，36岁的Josphat明白，留给自己跑步挣钱的时间不多了。</p><p>靠着跑步，Josphat比兄弟姐妹挣得多了很多。过去一年，Josphat挣了1.5万欧元，差不多12万人民币。</p><p>Josphat有四个姐妹和三个兄弟，除了一个弟弟是运动员外，其他兄弟姐妹全部从事农业，人均年收入约7万人民币，“这是没有去除成本的收入”。</p><p>罗伯特的好生活却要暂时等一等了。生病以后，罗伯特一直和欧辰保持着联系，他希望能够再次回到赛场。</p><p>意外出现在今年8月，罗伯特去参加内蒙古的一场马拉松比赛。在火车上，他突然精神出现失常，一夜没有睡觉，总感觉车上有人要杀死他。</p><p>在虚幻的恐惧支配下，火车到达济南站时，罗伯特趁中国经纪人不注意，突然跑下了车，沿着铁轨的方向，一直跑一直跑。</p><p>他扔了护照，身后经纪人惊慌的喊叫似乎再也听不见，仿佛只有跑步，能够让他逃脱恐惧。警察在10多公里外的济南南站找到了他，双脚已经红肿破皮。</p><p>欧辰带着罗伯特去医院看精神科医生，他告诉欧辰，一家人全靠他一个人跑马拉松挣钱，压力非常大。</p><p>最大的动力来自孩子</p><p>11月20日下午，Josphat的房间围坐了一群人，墙上的电视播放着中文电影。他们习惯开着电视，但因没人听懂中文台词，很少抬头看一眼。</p><p>Dairus把奖杯放进包里，准备启程回国。Josphat收拾行李将要前往江西婺源，他的下一场比赛是在11月26日。</p><p>Mutai来到房间，双手抱着一瓶包装精美的中国白酒。这是他在榆阳国际马拉松收获的奖品之一，他是半程组的亚军。</p><p>香气从门缝飘出，运动员们着中国白酒的味道，庆祝各自收获的好成绩。</p><p>“生活会越来越好的”。对于未来，Dairus已经有了初步规划，他和妻子正在存钱，等到不再跑步，用这笔钱投资做些生意。</p><p>最大的动力来自孩子。说到孩子的时候，Dairus一贯的严肃消失了，露出了笑容。夫妻两人商量好生育三个孩子。他们很看重孩子的教育，坚定地相信，“给孩子教育最好的投入，肯定会有最好的回报。”</p><p>通过跑步的资本原始积累，Mutai的财富梦想正在慢慢实现。回国以后，Mutai要继续建造房子。他准备用在中国挣到的奖金，盖一座超过300平方米的大房子，“很大，有20个房间。”他简单算过，每间房的月租金大约1000元人民币。</p><p>11月27日，是Mutai回国的日子。临行前两天，他在隆阳宾馆附近的街上转了转，准备买一些衣服送给儿子。他希望儿子长大成为一名警察，不需要再以跑步为生。警察也曾是Mutai的梦想。</p><p>“凉鞋哥”阿莫尼，训练时穿上了新买的跑步鞋。他的蓝色凉鞋战靴光荣退役了，作为纪念品送给了中国朋友。</p><p><br/></p>','0','18','news','2017-12-02 07:24:24'),
('21', '44', '', '<p><img src=\"/upload/catcher/2017/1210/20171210225144-131573911042688748.jpg\"/></p><p>特朗普赢了。</p><p>在一年前，没人相信他会赢，在两年前，世界上的大多数人还没听说过他的名字。而他的对手希拉里，民调领先了几乎一整年，出名已经三十年。</p><p>在房地产商人特朗普之前，美国曾经有过3个跨界总统：艾森豪威尔、格兰特（军人）和胡佛（煤老板）。不过这三人在当总统之前都曾身居要职，不是当过总司令，就是当过内阁部长。像特朗普这样，连村官都没当过就直接去当美国总统的，确实史无前例。</p><p>特朗普虽然未曾担任过一官半职，不过他从未远离政治。他的父亲曾经是纽约市市长和纽约州州长的大金主。特朗普的地产事业起飞以后，他也和纽约的高官政要们保持着紧密联系。其中，就有他日后的冤家——希拉里。</p><p><img src=\"/upload/catcher/2017/1210/20171210225144-131573911043782498.jpg\"/></p><p>2005年克林顿夫妇在弗罗里达州参加特朗普和梅拉尼亚的婚礼</p><p>纽约一直是民主党的地盘，2001年到2009年，希拉里获任纽约州国会参议员。特朗普在2002、05、06和07年都曾直接给希拉里捐款。颇为“巧合”的是，2016年当选总统的共和党人特朗普，在2001年到2009年都是一个民主党人。</p><p>前段时间媒体挖出了很多特朗普说下流话的陈年往事，一度对他的选情造成了很大影响，而共和党对此事的辩解让人颇为信服——特朗普说那些脏话的时候，他还是个民主党人。这就是美国政治的玄妙之处吧。</p><p>特朗普这样一个政商关系玩得溜的地产商，怎么就当上美国总统了呢？</p><p><strong>“网红”地产老板</strong></p><p>在今年的大选中，特朗普被视作代表了美国穷人的利益，与“华尔街大资本家的代理人”希拉里正面交锋。但是在个人生活中，特朗普才是如假包换的大资本家。</p><p><img src=\"/upload/news/2017/1210/20171210225102-131573910621438748.jpg\"/></p><p>特朗普1964年登上《纽约时报》头版的照片</p><p>特朗普喜欢标榜自己“白手起家”，说当年找父亲“只借了100万美元”。不过特朗普的父亲已经是相当了得的房地产商人，并且在纽约有深厚的人脉关系。</p><p>1964年，年仅18岁的特朗普的肖像照被刊登在了《纽约时报》头版的显著位置，这除了他长得帅以外，和特朗普家族的影响力不无关系。</p><p>特朗普从名流云集的沃顿商学院毕业后，进入了父亲的地产公司工作。彼时美国的经济不太景气，父亲的房地产生意也遇到了危机。不过眼光独到的特朗普逆市场而行，专门在当时不被看好的纽约市中心盖当时没有市场的豪宅。等这些地产项目盖好的时候，正赶上美国经济复苏，特朗普抄底成功，旗下的地产价格倍增，一跃成为亿万富翁。</p><p>他能够成功固然有自己眼光独到、胆识过人的原因，但离开特朗普家族与纽约政界的过硬关系不可能达到，他的成功无法复制。</p><p>特朗普购买的第一块土地就位于曼哈顿，当时这块地的拥有者已经破产，清盘人希望买家在当地政府有人，以免施工重建的时候遇到“种种困难”。特朗普听后二话不说，带着清盘人直奔市长办公室，办公室里特朗普他爸正在和市长谈笑风生。</p><p>特朗普的父亲在纽约呼风唤雨，特朗普更是青出于蓝。他和纽约三任不同的市长领导的市政府打过官司，每次都胜诉，获得了数亿美元的税收优惠。</p><p>如今，特朗普的产业遍布纽约，足球巨星C罗花费千万美元在纽约购买的公寓，就是以特朗普名字命名的“特朗普塔”。除了房地产，还有以特朗普名字命名的各种品牌：特朗普山泉、特朗普杂志、特朗普酒吧、特朗普男装、特朗普冰淇淋……</p><p>至此，特朗普已经是一个富人，而让他成为一个名人的，则是他成功的电视台主持人经历。他甚至因此在好莱坞星光大道上拥有属于自己的星星，比肩一众好莱坞巨星。</p><p>2004年，NBC为特朗普量身定做了一款“谁是接班人”的节目，节目中一众参与者要争取一个特朗普企业高管的职位，而特朗普既是主持人又是老板，每一集节目的最后他就要淘汰一个参与者，大声说“你被炒了（You&#39;re fired）”。该节目大获成功，特朗普成为当时出场费最高的电视明星，而“你被炒了”更是被申请为注册商标。</p><p><img src=\"/upload/catcher/2017/1210/20171210225144-131573911047532498.jpg\"/></p><p>各种选美冠军环绕在特朗普周围</p><p>此外，特朗普还是“美国小姐”选美主席，他旗下的公司掌握着环球小姐、美国小姐、美国妙龄小姐等多项赛事的主办权。特朗普作为一个电视名人，本身也是真人秀的巨大看点。</p><p>在宣布要参选总统之前，特朗普有钱（地产大亨）有名（电视明星）、美女环绕，用现在的观点来看绝对是网红中的网红。</p><p><strong>非主流的政客</strong></p><p>对于很多人来说，特朗普似乎是去年突然冒出来选总统的，无论民主党还是媒体都嘲笑他缺乏经验并且政见幼稚，不过特朗普打入住白宫的算盘可是有30年了。</p><p>在1987年，特朗普就花巨资在《纽约时报》和《华盛顿邮报》上面刊登整版广告，批评美国的外交和国防政策并给出自己的解决方案。</p><p><img src=\"/upload/catcher/2017/1210/20171210225144-131573911047844998.jpg\"/></p><p>特朗普1987年的建议</p><p>他在1988年、2004年和2012年表达过参选美国总统的想法，在2000年还正式参与改革党总统候选人身份竞选，不过随后很快退出。</p><p>2012年美国大选的时候，特朗普参选的呼声已经非常高了。当时的民调显示特朗普的支持率领先米特·罗姆尼（后来的共和党参选人），仅仅落后时任总统奥巴马几个百分点。特朗普响应民意，发起对总统宝座的冲击。不过他发力的方向，和别人大为不同。</p><p>特朗普发起了一项质疑奥巴马出生地的运动，他认为奥巴马没有在美国出生，所以没有资格连任美国总统。特朗普这项运动搞得声势浩大，他甚至派了个调查小组去夏威夷调查奥巴马的身世。最后白宫不得不公布了奥巴马的出生证来平息争议。特朗普一番闹腾之后，又宣布自己不参加2012年的总统大选。</p><p>除了想当总统，特朗普还两次表示过想参选纽约州州长，不过最后都没有实际投入选战。</p><p><strong>“虽万千人吾往矣”的总统</strong></p><p>虽然算是纵横美国政坛近30年，特朗普在当上美国总统之前确实没有在政府担任过任何职务。不过他自信深谙美国政治制度：</p><p>“我告诉你们，我们的制度就是个破烂。我给很多人（政客）钱，因为在此之前，两个月之前，我还是生意人。每个人我都给，他们开口我就给。你知道吗？两年，三年以后，我要他们办事的时候，我给他们电话，他们就在那等着。就这样一个破烂的制度。”</p><p>不论别人信不信，反正美国人是信了。特朗普从初选开始就从未被美国政界、主流舆论乃至各种分析机构看好。这些人不单不支持他，有时候甚至是反对他。贵为共和党的总统候选人，特朗普和共和党高层爆发过多次冲突，在共和党大会前坊间一度盛传共和党要“做掉”他，重新选一个总统候选人。不过最终特朗普拿到了共和党历史上最多的初选票数。</p><p><img src=\"/upload/catcher/2017/1210/20171210225144-131573911048469998.jpg\"/></p><p>特朗普</p><p>而在被正式提名后，特朗普遇到了更强烈的阻力。美国的严肃媒体们大都亮明旗帜支持希拉里，华府高层纷纷为希拉里站台，连外国政客都押宝希拉里（比如安倍就只见了希拉里没见特朗普），所有严肃的民调、分析机构都预测希拉里会获胜。奥巴马更是说，“你们喜欢我吗？那就投希拉里的票”……可以说，除了选民，几乎没有人站在特朗普一边。</p><p>“根本不被看好”的特朗普能胜选，正说明了如今美国社会的撕裂。穷人和富人、少数族裔和白人、保守派和自由派的矛盾已经难以缓解。特朗普身后是一个难以团结一致的美国和一个充满挑战的世界，一个保守的、有点粗俗的房地产商人，能治理好这样的美国吗？</p><p>犹记得奥巴马刚上台的时候，美国人欢呼奥巴马就是“美国梦”的最好写照。</p><p>如今，像特朗普这样的人也能选上美国总统，不也“美国梦”的另类最好写照吗。</p><p><br/></p>', '0', '15', 'news', '2017-12-10 22:52:27'),
('22', '45', '晚清鸦片对国人毒害有多大？男子瘦如柴，女子行为荒诞任人践踏', '<p>晚清羸弱，国力式微，致使外敌入侵，荼毒中华。近代中国史是一段屈辱的历史，侵华外国列强在这片大地上横行霸道，胡作非为，几欲吸干了我华夏千年血汗，无数普通百姓民众为这段屈辱的历史付出了代价，这其中就包括鸦片。</p><p><img src=\"/upload/catcher/2017/1210/20171210225322-131573912022063748.jpeg\" img_width=\"1200\" img_height=\"800\" alt=\"晚清鸦片对国人毒害有多大？男子瘦如柴，女子行为荒诞任人践踏\" inline=\"0\" style=\"-webkit-tap-highlight-color: transparent; box-sizing: border-box; border-style: none; display: block; margin: 10px auto;\"/></p><p>鸦片乃源于罂粟植物蒴果提取物，罂粟本作药用，可治反胃、痢疾、咳嗽，可安神，有安眠神效。经过加工后制成鸦片，吸食后会产生幻觉，身轻体舒，让人觉得飘飘然欲仙，十分舒畅，且成瘾性极强。</p><p><img src=\"/upload/catcher/2017/1210/20171210225322-131573912022219998.jpeg\" img_width=\"500\" img_height=\"317\" alt=\"晚清鸦片对国人毒害有多大？男子瘦如柴，女子行为荒诞任人践踏\" inline=\"0\" style=\"-webkit-tap-highlight-color: transparent; box-sizing: border-box; border-style: none; display: block; margin: 10px auto;\"/></p><p>大量吸食鸦片对人体百害无一利，因为罂粟本身有毒性，成瘾吸食过久者，面黄肌瘦，精神恍惚。一旦成瘾便戒不掉了，史有记载：“瘾至，其人涕泪交横，手足委顿不能举，即白刃加于前，豹虎逼于后，亦唯俯首受死，不能稍为运动也。故久食鸦片者，肩耸项缩，颜色枯羸奄奄若病夫初起。”可见鸦片成瘾可怕。</p><p><img src=\"/upload/catcher/2017/1210/20171210225322-131573912022376248.jpeg\" img_width=\"500\" img_height=\"336\" alt=\"晚清鸦片对国人毒害有多大？男子瘦如柴，女子行为荒诞任人践踏\" inline=\"0\" style=\"-webkit-tap-highlight-color: transparent; box-sizing: border-box; border-style: none; display: block; margin: 10px auto;\"/></p><p>由于清廷的不作为，英国为了逆转贸易逆差大肆倾销鸦片进入中国，泛滥成灾，荼毒普通民众，一时间，整个中华大地一片乌烟瘴气。鸦片的泛滥使得当时的中国人看起来个个面黄肌瘦，行动迟缓，有如病入膏肓一般，当时的中国人也被外国人取了个外号叫“东亚病夫”，这是中国人的耻辱。</p><p><img src=\"/upload/catcher/2017/1210/20171210225322-131573912022376248.jpeg\" img_width=\"1200\" img_height=\"800\" alt=\"晚清鸦片对国人毒害有多大？男子瘦如柴，女子行为荒诞任人践踏\" inline=\"0\" style=\"-webkit-tap-highlight-color: transparent; box-sizing: border-box; border-style: none; display: block; margin: 10px auto;\"/></p><p>然而，吸食鸦片也是相当昂贵的，鸦片的盛行，不仅导致大量的白银外流，还致使底层民众叫苦不迭。当时的普通民众一年收入大概40两白银，而这一年的收入仅仅只能买六斤鸦片，转而之间就吸食完了。就算是价格低廉的国产鸦片，也是能抽的人倾家荡产的。</p><p><img src=\"/upload/catcher/2017/1210/20171210225322-131573912022532498.jpeg\" img_width=\"470\" img_height=\"307\" alt=\"晚清鸦片对国人毒害有多大？男子瘦如柴，女子行为荒诞任人践踏\" inline=\"0\" style=\"-webkit-tap-highlight-color: transparent; box-sizing: border-box; border-style: none; display: block; margin: 10px auto;\"/></p><p>再者，精神荼毒。前文提到，吸食鸦片者，面黄肌瘦，精神恍惚，长期吸食下基本就丧失了理智能力和劳动能力。又由于鸦片含有毒性，大量吸食的人必死无疑。而且由于当时的社会制度，吸食昂贵鸦片虽然是社会上流人的社交手段，但是鸦片泛滥成度日益壮大，连皇帝都上瘾了。</p><p><img src=\"/upload/catcher/2017/1210/20171210225322-131573912022532498.jpeg\" img_width=\"558\" img_height=\"407\" alt=\"晚清鸦片对国人毒害有多大？男子瘦如柴，女子行为荒诞任人践踏\" inline=\"0\" style=\"-webkit-tap-highlight-color: transparent; box-sizing: border-box; border-style: none; display: block; margin: 10px auto;\"/></p><p>皇帝抽了起来，嫔妃自然也就开始抽了，吸食鸦片之后的效用往往让这些嫔妃贵族小姐，行为荒诞，竟然开始与宫内侍卫行苟且之事。民间女子更甚，不管是青楼红妓，还是世家大小姐，一旦吸食成瘾，也就不顾礼义廉耻，任人宰割。倘若不幸流落街头，那就悲惨了，多半成了乞丐和歹人的囊中玩弄之物，暴尸荒野。</p><p><img src=\"/upload/catcher/2017/1210/20171210225322-131573912022688748.jpeg\" img_width=\"541\" img_height=\"374\" alt=\"晚清鸦片对国人毒害有多大？男子瘦如柴，女子行为荒诞任人践踏\" inline=\"0\" style=\"-webkit-tap-highlight-color: transparent; box-sizing: border-box; border-style: none; display: block; margin: 10px auto;\"/></p><p>鸦片战争已经过去百年了，但是那段屈辱的历史仍然跃然纸上，令人触目惊心，所以我们国家才严正禁毒。作为一个中国人，更应当了解历史，人人自危，时时警醒。</p><p><br/></p>', '0', '21', 'news', '2017-12-10 22:53:39');

TRUNCATE TABLE `bitcms_detail`;
insert into `bitcms_detail`(`detailid`,`itemid`,`items`,`userid`,`channelcode`,`detailcode`,`title`,`subtitle`,`display`,`displaytime`,`show`,`resume`,`keyword`,`searchkey`,`galleryid`,`closereview`,`readpower`,`enabledlink`,`link`,`againstnum`,`agreenum`,`follownum`,`hitsnum`,`reviewnum`,`recycle`,`recycledate`,`author`,`source`,`indate`,`gallerystatistics`,`stars`) values
('1','1','|1||||关于','1','about','about','关于bitcms','bitcms内容管理系统','1','2017-08-07 10:00:00','2','介绍','bitcms,内容管理系统','证监会将对“铁公鸡”上市公司采取硬措施,关于|-_-|bitcms,内容管理系统','24','0','0','0',null,'0','0','0','22','0','0',null,null,null,'2017-08-07 08:00:00','cover:3;audio:1;video:1;attachment:2;',0.0),
('23','21','|21||||历史','1','news','be229c1d11ec4503b2b00d130c49032e','真实的采花大盗，十年用一个技巧“采花”182起，落网立即被凌迟',null,'1','2017-11-09 07:19:00','0','桑冲是我国历史上臭名昭著的采花贼。此人凭借着独特“采花秘技”，十年来侮辱了一百八十二名良家妇女，其滔天恶行令人发指！桑冲是明朝人，其出生年月已不可考。','采花大盗,凌迟','真实的采花大盗，十年用一个技巧“采花”182起，落网立即被凌迟,历史|-_-|采花大盗,凌迟','34','0','0','0',null,'0','0','0','3','0','0',null,'admin','bitcms开源内容管理系统','2017-11-09 07:19:00','cover:1;',1.0),
('24','23','|23||||搞笑','1','news','a7473ebdfd4b4db6a1b9eb303f6636d7','反正睡不着，看完更不想睡的三十三张图',null,'1','2017-11-09 07:24:00','0','看完更不想睡的三十三张图',null,'反正睡不着，看完更不想睡的三十三张图,搞笑|-_-|','35','0','0','0',null,'0','0','0','3','0','0',null,'admin','bitcms开源内容管理系统','2017-11-09 07:24:00','cover:1;',1.0),
('25','16','|16||||娱乐','1','news','eb3b1d0136b541dd8046caf04d4015bc','终于知道刘晓庆为什么结四次结婚都不生孩子，看完有些同情',null,'1','2017-11-09 22:31:00','0','被称为“不老女神”、“冻龄女人”的刘晓庆做客《金星秀》。在节目刚开端的时分，金星就开门见山地问道刘晓庆开端主题：“谈男人聊人生”更调侃刘晓庆为“害群之马”。老油条刘晓庆面对金星的调侃大方答复，用本人多年个人的真实阅历巧妙回击了金星。',null,'终于知道刘晓庆为什么结四次结婚都不生孩子，看完有些同情,娱乐|-_-|','36','0','0','0',null,'0','0','0','3','0','0',null,'admin','bitcms开源内容管理系统','2017-11-09 22:31:00','cover:1;',1.0),
('26','25','|25||||生活','1','news','4396e63118df42a9883c6d9dee2f425b','无性婚姻还要煎熬吗',null,'1','2017-11-09 22:34:00','0','朋友告诉我，她已经有一年多没有和老公发生身体关系了。她说的不是“做爱”，而是“发生身体关系”。因为她觉得做爱是两个人两情相悦，巫山云雨，很浪漫，很美好的性爱体验。可是她和她的老公没有。她觉得和他做的时候，做的不是爱，而只是两个没有任何感觉的身体发生关系而已。',null,'无性婚姻还要煎熬吗,生活|-_-|','38','0','0','0',null,'0','0','0','4','0','0',null,'admin','bitcms开源内容管理系统','2017-11-09 22:34:00','cover:1;',1.0),
('27','21','|21||||历史','1','news','0c2313e2dae141d7a24e954e4b8f949a','二战时，日本研制了一种恶心武器，用在女人身上连日军都觉得缺德',null,'1','2017-11-09 23:22:00','0','日本人做的缺德的事真的不在少数，仅仅在二战期间，日本就恬不知耻的侵略各个国家，把目光放在亚洲和东南亚国家。更是在战争中，使用下三滥的手段，来夺取战争的胜利，其中最缺德的就是，利用科学手段研发细菌病毒。',null,'二战时，日本研制了一种恶心武器，用在女人身上连日军都觉得缺德,历史|-_-|','39','0','0','0',null,'0','0','0','1','0','0',null,'admin','bitcms开源内容管理系统','2017-11-09 23:22:00','cover:1;',1.0),
('28','16','|16||||娱乐','1','news','87cccc1ddaaa46318c7f6d3ba71c9431','电影节上关晓彤被坐在旁边的周冬雨全程黑脸，网友：活该！',null,'1','2017-11-09 23:23:00','0','自从鹿晗、关晓彤恋情曝光，本来名声就一步步下滑的关晓彤更迎来了一次人生危机，很多负面言论劈天盖地涌过来，作为公众人物，关晓彤似乎并没有受到太大影响，该吃吃，该玩玩。',null,'电影节上关晓彤被坐在旁边的周冬雨全程黑脸，网友：活该！,娱乐|-_-|','40','0','0','0',null,'0','0','0','2','1','0',null,'admin','bitcms开源内容管理系统','2017-11-09 23:23:00','cover:1;',1.0),
('29','21','|21||||历史','1','news','9adc3c8d0aba40f1bfd6571ab01e810c','秦始皇遗体究竟被埋的有多深？众说纷纭，司马迁的一说法最被认可',null,'1','2017-11-09 23:33:00','0','公元前259年农历正月，一个看起来很普通的男孩在赵国邯降生了，他就是中国古代史上第一个大一统王朝的创立者秦始皇嬴政。秦始皇13岁继承秦国国君的位子，22岁正式亲理朝政，39岁时消灭了山东六国中的最后一个诸侯国，完成一统中国的大业。',null,'秦始皇遗体究竟被埋的有多深？众说纷纭，司马迁的一说法最被认可,历史|-_-|','41','0','0','0',null,'0','0','0','1','0','0',null,'admin','bitcms开源内容管理系统','2017-11-09 23:33:00','cover:1;',1.0),
('30','25','|25||||生活','1','news','65129843d2fb4522b6594730238973fd','高一男孩不好好学习，却用圆珠笔画出了纸上奇迹，专家都不敢相信',null,'1','2017-11-09 11:34:00','0','当人们的赞叹声从大街小巷依次传来，还在就读的凌云登似乎不受外界任何影响、诱惑，依旧淡定地拿着圆珠笔，细细地描绘着笔下的沧桑老人。',null,'高一男孩不好好学习，却用圆珠笔画出了纸上奇迹，专家都不敢相信,生活|-_-|','42','0','0','0',null,'0','0','0','1','0','0',null,'admin','bitcms开源内容管理系统','2017-11-09 23:34:00','cover:1;',1.0),
('31','15','|15||||社会','1','news','be1d23cdda264964b30240a1560032e0','2017最新继承法：没有遗嘱怎么继承房产？独生子女都得看看',null,'1','2017-11-09 23:38:00','0','最近经常会有涉及子女财产继承纠纷的新闻爆出，父母过世后只有1个子女，按理说父母的房产顺理成章的要被子女继承。但是，到银行和房管部门去咨询的时候，发现相关机构无法确认子女的继承权，导致财产不能顺利继承。',null,'2017最新继承法：没有遗嘱怎么继承房产？独生子女都得看看,社会|-_-|','43','0','0','0',null,'0','0','0','3','0','0',null,'admin','bitcms开源内容管理系统','2017-11-09 23:38:00','cover:1;',1.0),
('32','21','|21||||历史','1','news','7a5dbddd9a3947f3ab9fdeec89f07927','运输黑奴时 奴隶贩子为什么通常要将黑奴剥得精光 不给衣服穿？',null,'1','2017-11-09 23:39:00','0','在看黑奴贸易留下的老照片或者反映该现象的艺术作品例如油画、电影、电视剧时，我们通常会发现一种场景，那就是白人（奴隶贩子）穿着衣冠楚楚，在大声训斥、指挥或者鞭打黑奴，而黑奴全身上下往往只有一块帆布遮挡下体。',null,'运输黑奴时 奴隶贩子为什么通常要将黑奴剥得精光 不给衣服穿？,历史|-_-|','44','0','0','0',null,'0','0','0','1','0','0',null,'admin','bitcms开源内容管理系统','2017-11-09 23:39:00','cover:1;',1.0),
('33','16','|16||||娱乐','1','news','70dc8a33aeec4b1e94de7639b4aedeb7','敢叫洪金宝三毛，成龙大鼻、袁和平大眼，也只有霸气的包租婆',null,'1','2017-11-09 23:41:00','0','七小福成员享誉香港影坛，有洪金宝和成龙这样的大咖，也有元奎和元彪元华这样优秀的导演和演员。不过他们面对一个人的时候，都要叫一声师姐，她就是元秋，我们熟知的包租婆。',null,'敢叫洪金宝三毛，成龙大鼻、袁和平大眼，也只有霸气的包租婆,娱乐|-_-|','45','0','0','0',null,'0','0','0','0','0','1','2017-12-02 07:42:45','admin','bitcms开源内容管理系统','2017-11-09 23:41:00','cover:1;',1.0),
('34','18','|18||||体育','1','news','4d2747cd86f34b6694bf665212b86fd6','C罗送助攻阿森西奥世界波 皇马3-0完胜告别连败',null,'1','2017-11-10 06:11:00','0','北京时间11月6日凌晨3点45分(当地时间5日晚间20点45分)，2017-18赛季西甲第11轮一场焦点战，皇马坐镇伯纳乌主场迎战拉斯帕尔马斯。卡塞米罗首开纪录，阿森西奥世界波再下一城，C罗助攻伊斯科打进第3球，皇马主场3-0完胜，摆脱各项赛事的连败，西甲继续落后巴萨8分。',null,'C罗送助攻阿森西奥世界波 皇马3－0完胜告别连败,体育|-_-|','46','0','0','0',null,'0','0','0','3','0','0',null,'admin','bitcms开源内容管理系统','2017-11-10 06:11:00','cover:1;',1.0),
('35','18','|18||||体育','1','news','59a31831e33a4a73afeab1c3bf248076','十连胜凯尔特人当NBA老大，你晕吗？',null,'1','2017-11-10 06:13:00','0','在昨日进行的一场NBA（美职篮）常规赛中，波士顿凯尔特人队主场107 96战胜洛杉矶湖人队，豪取十连胜之后领跑全联盟。',null,'十连胜凯尔特人当NBA老大，你晕吗？,体育|-_-|','47','0','0','0',null,'0','0','0','19','22','0',null,'admin','bitcms开源内容管理系统','2017-11-10 06:13:00','cover:1;',1.0),
('36','19','|19||||汽车','1','news','e87f52d848614752ba6b26004660134b','广汽丰田国产C-HR将于广州车展正式亮相',null,'1','2017-11-10 06:15:00','0','广州车展前瞻 还有一周时间，2017广州国际车展即将开幕，作为本年度最后一场汽车界的盛会，有很多重量级新车将在此发布，除了国人最热衷的SUV，也有不少轿车值得关注，它们的看点可一点也不少。下面我们就列出重中之重，这几款轿车新品不看你就会后悔。',null,'广汽丰田国产C－HR将于广州车展正式亮相,汽车|-_-|','48','0','0','0',null,'0','0','0','5','0','0',null,'admin','bitcms开源内容管理系统','2017-11-10 06:15:00','cover:1;',1.0),
('37','19','|19||||汽车','1','news','7fa044f47a434675bb3005facabb24c4','广州车展重头戏，今年SUV都有谁？',null,'1','2017-11-10 06:18:00','0',null,null,'广州车展重头戏，今年SUV都有谁？,汽车|-_-|','49','0','0','0',null,'0','0','0','3','0','0',null,'admin','bitcms开源内容管理系统','2017-11-10 06:18:00','cover:4;',1.0),
('38','22','|22||||亲子','1','news','7315c021f8824a6caec1a54b7cbcfbd6','有个很逗的老妈是什么体验？浑身都是戏',null,'1','2017-11-11 09:35:00','0','“妈妈”一个温馨而甜蜜的词，总是会伴随着许多美好的回忆。如果有一个戏精妈妈，那是什么感觉？看看下面这些，你大概会知道。',null,'有个很逗的老妈是什么体验？浑身都是戏,亲子|-_-|','53','0','0','0',null,'0','0','0','11','0','0',null,'admin','bitcms开源内容管理系统','2017-11-11 09:35:00','cover:1;',1.0),
('39','18','|18||||体育','1','news','bb21dc7f062d4cc4b1bee1165f2598df','十连胜凯尔特人当NBA老大，你晕吗？',null,'1','2017-11-24 08:32:24','0','在昨日进行的一场NBA（美职篮）常规赛中，波士顿凯尔特人队主场107 96战胜洛杉矶湖人队，豪取十连胜之后领跑全联盟。','胜凯尔特人,NBA','十连胜凯尔特人当NBA老大，你晕吗？,体育|-_-|胜凯尔特人,NBA','0','0','0','0',null,'0','0','0','0','0','1','2017-12-02 07:42:17','admin',null,'2017-11-24 08:32:24',null,1.0),
('41','16','|16||||娱乐','1','news','b3f0326effdc43708a594d9a30233b11','十连胜凯尔特人当NBA老大，你晕吗？',null,'1','0001-01-01 00:00:00','0','在昨日进行的一场NBA（美职篮）常规赛中，波士顿凯尔特人队主场107 96战胜洛杉矶湖人队，豪取十连胜之后领跑全联盟。1',null,'十连胜凯尔特人当NBA老大，你晕吗？,娱乐|-_-|','54','0','0','0',null,'0','0','0','1','0','1','2017-12-02 07:41:31','admin',null,'2017-12-01 11:04:33','cover:1;',1.0),
('42','15','|15||||社会','5','news','9f7fec161b3247b9b6bd6399ad6a58ac','中小学国防知识竞赛临沂获得最佳组织奖',null,'1','0001-01-01 00:00:00','0','28日,记者从市教育局获悉,在山东省教育厅组织的“山东新华杯”中小学国防知识竞赛中,临沂市以总分第一名的成绩获得最佳组织奖,以第1名的成绩获得小学组团体一等奖、以第2名的成绩获得高中组团体一等奖、以第5名的成绩获得初中组团体二等奖。','国防知识,竞赛','中小学国防知识竞赛临沂获得最佳组织奖,社会|-_-|国防知识,竞赛','0','0','0','0',null,'0','0','0','7','6','0',null,'逐月',null,'0001-01-01 00:00:00',null,1.0),
('43','18','|18||||体育','5','news','904a6fc1846e48dc8f5c3dc70bee9ca1','中国马拉松的非洲淘金客：穿4块钱凉鞋夺3冠',null,'1','2017-12-01 11:17:30','0','名单可以延伸很长，冠军全是黑色面孔。这是因为，中国马拉松爱好者眼里重在参与的比赛，对于非洲选手来说，奖金是他们的饭碗，唯一经济来源。','马拉松,淘金客','中国马拉松的非洲淘金客：穿4块钱凉鞋夺3冠,体育|-_-|马拉松,淘金客','55','0','0','0',null,'0','0','0','6','3','0',null,'逐月',null,'2017-12-01 11:17:26','cover:1;',1.0),
('44', '15', '|15||||社会>', '1', 'news', 'df1f5ff5a0c3460091e86edd682c1c20', '特朗普为什么能赢？', NULL, '1', '2017-12-10 22:52:00', '0', '在一年前，没人相信他会赢，在两年前，世界上的大多数人还没听说过他的名字。而他的对手希拉里，民调领先了几乎一整年，出名已经三十年。', '特朗普,美国大选', '特朗普为什么能赢？,社会|-_-|特朗普,美国大选', '56', '0', '0', '0', NULL, '0', '0', '0', '1', '0', '0', NULL, 'admin', 'bitcms内容管理系统', '2017-12-10 22:52:00', 'cover:1;', '1.0'),
('45', '21', '|21||||历史>', '1', 'news', 'e0862433e6214d499845c2fc9b12f14c', '晚清鸦片对国人毒害有多大？男子瘦如柴，女子行为荒诞任人践踏', NULL, '1', '2017-12-10 22:53:39', '0', '晚清羸弱，国力式微，致使外敌入侵，荼毒中华。近代中国史是一段屈辱的历史，侵华外国列强在这片大地上横行霸道，胡作非为，几欲吸干了我华夏千年血汗，无数普通百姓民众为这段屈辱的历史付出了代价，这其中就包括鸦片。', '晚清,鸦片', '晚清鸦片对国人毒害有多大？男子瘦如柴，女子行为荒诞任人践踏,历史|-_-|晚清,鸦片', '57', '0', '0', '0', NULL, '0', '0', '0', '1', '0', '0', NULL, 'admin', 'bitcms内容管理系统', '2017-12-10 22:53:39', 'cover:1;', '1.0');

TRUNCATE TABLE `bitcms_detailgallery`;
insert into `bitcms_detailgallery`(`galleryid`,`detailid`,`title`,`readpower`,`agreenum`,`follownum`,`hitsnum`,`gallerytype`,`cover`,`path`,`resume`,`tag`,`orderno`,`indate`) values
('34','23','真实的采花大盗，十年用一个技巧“采花”182起，落网立即被凌迟','0','0','0','908','0','1','/upload/news/2017/1109/20171109072040-131546568401352468.jpg',null,null,'0','2017-11-09 07:21:24'),
('35','24','反正睡不着，看完更不想睡的三十三张图','0','0','0','863','0','1','/upload/news/2017/1109/20171109223105-131547114654411283.jpeg',null,null,'0','2017-11-09 22:31:32'),
('36','25','终于知道刘晓庆为什么结四次结婚都不生孩子，看完有些同情','0','0','0','352','0','1','/upload/news/2017/1109/20171109223400-131547116410103512.jpg',null,null,'0','2017-11-09 22:34:19'),
('38','26','无性婚姻还要煎熬吗','0','0','0','314','0','1','/upload/news/2017/1109/20171109224953-131547125934045236.jpg',null,null,'0','2017-11-09 22:50:03'),
('39','27','二战时，日本研制了一种恶心武器，用在女人身上连日军都觉得缺德','0','0','0','211','0','1','/upload/news/2017/1109/20171109232319-131547145998368448.jpg',null,null,'0','2017-11-09 23:23:23'),
('40','28','电影节上关晓彤被坐在旁边的周冬雨全程黑脸，网友：活该！','0','0','0','370','0','1','/upload/news/2017/1109/20171109232710-131547148310539496.jpg',null,null,'0','2017-11-09 23:27:22'),
('41','29','秦始皇遗体究竟被埋的有多深？众说纷纭，司马迁的一说法最被认可','0','0','0','154','0','1','/upload/news/2017/1109/20171109233336-131547152164093721.jpg',null,null,'0','2017-11-09 23:33:57'),
('42','30','高一男孩不好好学习，却用圆珠笔画出了纸上奇迹，专家都不敢相信','0','0','0','314','0','1','/upload/news/2017/1109/20171109233803-131547154837567451.jpg',null,null,'0','2017-11-09 23:38:07'),
('43','31','2017最新继承法：没有遗嘱怎么继承房产？独生子女都得看看','0','0','0','1294','0','1','/upload/news/2017/1109/20171109233917-131547155573038342.jpg',null,null,'0','2017-11-09 23:39:23'),
('44','32','运输黑奴时 奴隶贩子为什么通常要将黑奴剥得精光 不给衣服穿？','0','0','0','478','0','1','/upload/news/2017/1109/20171109234020-131547156205952566.jpg',null,null,'0','2017-11-09 23:40:39'),
('45','33','敢叫洪金宝三毛，成龙大鼻、袁和平大眼，也只有霸气的包租婆','0','0','0','448','0','1','/upload/news/2017/1109/20171109234405-131547158454729424.jpg',null,null,'0','2017-11-09 23:44:43'),
('46','34','C罗送助攻阿森西奥世界波 皇马3-0完胜告别连败','0','0','0','731','0','1','/upload/news/2017/1110/20171110061233-131547391537487880.jpg',null,null,'0','2017-11-10 06:13:51'),
('47','35','十连胜凯尔特人当NBA老大，你晕吗？','0','0','0','1472','0','1','/upload/news/2017/1110/20171110061436-131547392765991465.jpg',null,null,'0','2017-11-10 06:15:31'),
('48','36','广汽丰田国产C-HR将于广州车展正式亮相','0','0','0','1087','0','1','/upload/news/2017/1110/20171110061751-131547394717695713.jpg',null,null,'0','2017-11-10 06:18:25'),
('49','37','广州车展重头戏，今年SUV都有谁？','0','0','0','1292','0','1','/upload/news/2017/1110/20171110062008-131547396086402774.jpeg',null,null,'0','2017-11-10 06:20:34'),
('50','37','广州车展重头戏，今年SUV都有谁？','0','0','0','516','0','1','/upload/news/2017/1110/20171110062008-131547396086962816.jpeg',null,null,'1','2017-11-10 06:20:34'),
('51','37','广州车展重头戏，今年SUV都有谁？','0','0','0','514','0','1','/upload/news/2017/1110/20171110062008-131547396087162824.jpeg',null,null,'2','2017-11-10 06:20:34'),
('52','37','广州车展重头戏，今年SUV都有谁？','0','0','0','514','0','1','/upload/news/2017/1110/20171110062008-131547396087362851.jpeg',null,null,'3','2017-11-10 06:20:34'),
('53','38','有个很逗的老妈是什么体验？浑身都是戏','0','0','0','1480','0','1','/upload/news/2017/1111/20171111093958-131548379987451611.jpg',null,null,'0','2017-11-11 09:40:05'),
('54','41',null,'0','0','0','178','0','1','/upload/news/2017/1124/20171124213021-131560038218828454.jpg',null,null,'0','2017-11-24 21:30:30'),
('55','43',null,'0','0','0','448','0','1','/upload/news/2017/1201/20171201111637-131565717972572913.jpeg',null,null,'0','2017-12-01 11:17:39'),
('56', '44', '特朗普为什么能赢？', '0', '0', '0', '14', '0', '1', '/upload/news/2017/1210/20171210225102-131573910621438748.jpg', NULL, NULL, '0', '2017-12-10 22:52:27'),
('57', '45', NULL, '0', '0', '0', '4', '0', '1', '/upload/news/2017/1210/20171210225308-131573911888626248.jpg', NULL, NULL, '0', '2017-12-10 22:53:39');

TRUNCATE TABLE `bitcms_item`;
insert into `bitcms_item`(`itemid`,`fatherid`,`channelcode`,`itemcode`,`show`,`itemname`,`orderno`,`explain`,`readpower`,`icon`,`keywords`,`resume`,`indate`) values
('1','0','about','64d40afc102d4d6c8ca3138e347978c7','1','关于','200','<p>itemInfo</p>','1',null,'itemInfo','itemInfo','2017-01-21 00:00:00'),
('14','0','about','1a62b251347b4af0a0b08cd2492a5d03','0','会员服务','200','','1',null,null,null,'2017-01-21 00:00:00'),
('15','0','news','6a693a83389a4ddc9528e5846d83d75a','0','社会','200','','0',null,null,null,'2017-01-21 00:00:00'),
('16','0','news','5ef968ac556b4d85bad27896913aaaf5','0','娱乐','200','','0',null,null,null,'2017-01-21 00:00:00'),
('17','0','news','8d8f8da3480b400f8b73a128b0c8d626','0','游戏','200','','0',null,null,null,'2017-01-21 00:00:00'),
('18','0','news','72457aca194a4708bb3f864c806cc8ea','0','体育','200','','0',null,null,null,'2017-01-21 00:00:00'),
('19','0','news','cdaf568beaff4be5a580a02b94d13499','0','汽车','200','','0',null,null,null,'2017-01-21 00:00:00'),
('20','0','news','4e77d5a6c64948448b2313d956473e18','0','军事','200','','0',null,null,null,'2017-01-21 00:00:00'),
('21','0','news','ea1a600749e4475fb0055c37643e2db1','0','历史','200','','0',null,null,null,'2017-01-21 00:00:00'),
('22','0','news','76f234931a7d4ff5a4629b6565cea7ee','0','亲子','200','','0',null,null,null,'2017-01-21 00:00:00'),
('23','0','news','ebd891c9c8f547e8abf69f4600bb48fb','0','搞笑','200','','0',null,null,null,'2017-01-21 00:00:00'),
('24','0','news','10bcf7e443c249db9426d547e51572cc','0','旅游','200','','0',null,null,null,'2017-01-21 00:00:00'),
('25','0','news','e8cf9c4b53d949aaa146b1817a892a31','0','生活','200','','0',null,null,null,'2017-01-21 00:00:00'),
('26','0','news','4c4dc469f9184be7a886358b582329d8','0','美食','200','','0',null,null,null,'2017-01-21 00:00:00');
TRUNCATE TABLE `bitcms_maproute`;
insert into `bitcms_maproute`(`maprouteid`,`fatherid`,`maproutename`,`lookfor`,`sendto`,`template`,`cachetime`,`enabled`) values
('1','0','首页','/
/(\\d+)','cid=$1=0','index.cshtml','0','1'),
('16','0','会员中心','person',null,'person.cshtml','0','1'),
('17','1','加载列表','list/(\\d+)/(\\d+)/(\\d+)','cid=$1=0
uid=$2=0
page=$3=1','list.cshtml','0','1'),
('18','1','个人主页','/user/(\\d+)
/user/(\\d+)/(\\d+)','uid=$1=0
page=$2=1
cid=0','index.cshtml','0','1'),
('19','1','资讯详情','info_(\\d+)','did=$1','info.cshtml','0','1'),
('20','1','登录','login',null,'login.cshtml','0','1'),
('21','1','注册','register',null,'register.cshtml','0','1'),
('22','16','会员资料','person/info',null,'person-info.cshtml','0','1'),
('23','16','积分记录','person/scorelog
person/scorelog/(\\d+)','page=$1=1','person-score.cshtml','0','1'),
('24','16','粉丝列表','person/follow
person/follow/(\\d+)','page=$1=1','person-follow.cshtml','0','1'),
('25','16','内容管理','/person/news
/person/news/(\\d+)','page=$1=1','person-news.cshtml','0','1'),
('26','16','添加修改内容','person/news/add
person/news/edit/(\\d+)','did=$1=0','person-newsedit.cshtml','0','1'),
('27','1','加载评论','reviewlist/(\\d+)
reviewlist/(\\d+)/(\\d+)','did=$1
page=$2=1','reviewlist.cshtml','0','1'),
('28','1','加载回复','replylist/(\\d+)/(\\d+)','rid=$1
page=$2=1','replylist.cshtml','0','1');